mz,rt,ccs,Par_1,Par_2,Par_3,Par_4,Dap2_1,Dap2_2,Dap2_3,Dap2_4,Dal2_1,Dal2_2,Dal2_3,Dal2_4,Van4_1,Van4_2,Van4_3,Van4_4,Van8_1,Van8_2,Van8_3,Van8_4
119.049,0.43,135.02,3,3,3,5,7,6,7,5,1,3,2,5,4,5,7,3,5,6,5,2
159.0465,0.43,135.66,1,0,1,2,4,6,3,6,1,0,0,1,0,1,0,2,1,0,0,1
170.9957,0.43,133.01,3,6,5,2,23,21,11,10,8,8,7,5,8,8,21,9,12,11,10,8
183.0111,0.43,141.89,965,901,943,1024,1247,1207,1157,1126,911,921,920,891,1150,1105,1097,927,1222,1017,892,983
207.009,0.43,146.29,193,185,202,186,238,226,249,232,202,201,217,190,207,195,219,186,205,230,196,191
237.0779,0.43,155.76,32,33,32,17,84,71,96,45,19,23,35,32,22,41,63,17,39,68,40,40
251.0952,0.43,160.43,941,686,758,496,2203,2394,1674,2395,683,1337,934,581,553,1683,2702,639,1266,1110,893,861
267.0899,0.43,161.63,39,29,24,21,73,62,73,51,18,33,32,38,34,48,54,17,42,52,17,27
281.0523,0.43,161.25,1,2,9,2,11,10,6,6,5,6,10,7,7,17,8,5,11,9,7,7
283.1332,0.43,177.52,164,167,141,175,217,216,204,218,158,172,154,151,215,194,217,165,205,209,169,161
295.1363,0.43,178.78,122,137,136,129,170,184,161,166,137,119,143,117,167,161,175,134,166,154,138,134
297.2414,0.43,180.3,75,76,93,85,103,109,102,98,81,82,89,74,90,84,98,62,103,92,73,83
297.3218,0.43,180.29,68,41,63,58,115,113,119,110,57,63,70,47,113,97,107,42,108,92,56,57
311.3401,0.43,183.07,261,261,271,262,426,419,371,430,243,256,290,268,363,384,389,251,395,405,260,270
311.5943,0.43,183.06,945,1056,1001,1106,1769,1771,1698,1694,1052,1112,1192,1074,1473,1492,1356,1428,954,927,877,880
311.6567,0.43,183.06,541,577,547,539,663,749,699,637,607,553,687,472,613,559,638,565,581,537,579,537
321.1718,0.43,176.57,167,195,178,190,310,294,277,270,161,180,139,136,154,208,534,221,325,238,185,153
323.1665,0.43,187.42,334,307,304,323,408,388,385,395,310,329,317,294,349,391,453,337,390,381,309,321
325.2765,0.43,185.83,78,61,85,83,118,124,97,108,85,70,91,71,92,93,111,75,119,97,68,76
325.5076,0.43,185.83,90,113,80,102,203,210,190,221,117,84,132,86,176,177,200,103,185,140,130,114
325.6158,0.43,185.83,279,187,198,167,323,370,321,270,253,242,259,233,325,318,320,233,403,311,290,266
325.6847,0.43,185.82,112,97,108,110,154,203,152,163,123,87,151,98,150,130,183,105,158,186,124,123
326.734,0.43,185.8,15,13,14,13,48,45,51,59,17,6,21,10,43,53,46,8,47,46,10,18
338.1585,0.43,173.04,33,34,47,34,62,43,42,26,34,32,37,41,53,56,82,52,57,46,54,38
339.1992,0.43,188.59,10531,10328,10407,10749,11852,11798,12367,11657,9955,10245,10539,10198,11558,11483,11488,10054,11666,11131,10390,10014
344.1159,0.43,180.79,7,1,2,1,24,19,7,4,2,2,3,2,3,3,12,6,7,10,3,7
351.2179,0.43,188.34,145,171,151,177,180,153,143,134,214,252,223,261,151,159,146,244,205,171,260,234
367.2272,0.43,195.54,425,436,385,401,476,473,490,451,411,440,439,388,461,464,451,416,428,380,359,362
395.2502,0.43,196.53,49,65,45,54,91,72,76,74,61,56,63,57,69,61,80,60,91,51,56,58
421.2224,0.43,203.42,550,585,504,595,665,794,683,669,545,605,615,560,544,707,652,610,574,584,574,566
425.2543,0.43,201.91,28,19,27,40,54,39,48,29,12,19,16,20,21,37,36,28,92,27,18,28
437.1645,0.43,197.37,8,13,17,5,30,22,37,23,7,17,9,17,4,18,20,12,21,27,21,11
441.2029,0.43,207.43,2,5,6,5,23,19,34,7,10,7,8,7,7,12,272,84,10,8,9,6
453.1959,0.43,204.41,78,88,109,40,256,232,276,280,45,78,111,53,37,135,125,54,47,47,41,44
473.279,0.43,222.35,23,19,35,23,53,48,44,47,9,14,22,30,45,51,43,25,42,47,23,20
474.0999,0.43,202.71,0,8,0,2,14,16,17,7,3,4,5,6,10,9,3,3,7,7,3,5
480.0759,0.43,201.2,724,764,737,742,1340,1588,1334,1449,743,706,844,685,1289,1439,1367,748,1187,1346,730,700
485.2773,0.43,211.11,0,3,1,1,8,6,15,7,2,2,0,3,11,7,8,4,54,3,2,6
501.3116,0.43,228.78,17,8,3,3,10,8,35,7,0,0,4,5,10,8,1,2,7,5,4,3
527.3218,0.43,221.71,0,2,4,7,16,16,12,3,0,0,4,0,6,6,8,6,42,2,2,4
539.148,0.43,217.48,9,13,11,8,20,22,34,20,13,27,23,11,12,39,45,17,25,27,15,18
555.1692,0.43,222.79,385,372,384,402,686,828,763,802,364,420,431,359,667,731,652,380,539,606,368,309
581.0509,0.43,214.33,0,1,1,0,0,0,18,4,0,1,0,3,0,0,0,0,4,4,2,6
649.102,0.43,230.06,17,21,16,20,53,58,60,57,25,24,17,25,36,63,41,21,46,44,29,14
653.1596,0.43,244.39,15,11,7,14,30,21,23,23,11,17,13,11,25,26,19,8,11,19,11,10
659.1245,0.43,235.26,8,9,5,7,22,26,21,22,7,10,7,7,30,25,17,8,14,23,7,6
711.1211,0.43,249.08,23,15,17,22,33,46,33,30,11,20,21,19,46,43,40,23,20,18,15,18
721.1387,0.43,246.47,11,13,12,14,21,16,26,28,7,11,8,11,20,27,22,12,24,24,11,10
747.5321,0.43,275.93,1,0,0,0,61,34,58,56,0,0,1,0,1,0,2,0,0,0,0,0
149.008,0.46,136.34,29,23,28,14,26,19,58,18,16,18,20,16,12,15,15,12,16,19,13,14
207.0669,0.46,151.67,8,8,5,4,14,11,10,8,8,6,8,5,4,8,5,7,10,8,7,7
213.0459,0.46,149.63,33,28,27,26,43,68,36,40,23,26,24,19,21,22,27,20,23,25,20,24
243.066,0.46,158.99,6,2,7,8,4,2,5,4,10,6,11,7,8,10,6,8,1,5,3,2
248.0821,0.46,146.62,299,309,325,294,326,314,291,320,297,313,331,301,310,313,335,313,401,343,327,338
264.1584,0.46,168.37,13,9,11,8,27,30,27,25,14,17,11,11,9,15,27,12,24,12,22,16
269.0444,0.46,159.89,301,288,286,354,229,262,220,242,185,177,194,187,442,413,202,228,173,192,182,152
291.1954,0.46,178.88,20,16,5,5,48,14,19,39,5,5,7,6,11,10,20,8,38,24,7,8
374.243,0.46,211.39,151,146,137,159,157,196,176,152,153,158,148,137,168,171,151,161,154,141,148,136
375.2208,0.46,189.41,12,4,11,11,52,43,37,30,3,5,11,6,4,5,6,6,4,0,0,1
403.2509,0.46,196.4,9,6,6,5,21,25,22,24,5,5,1,5,3,6,8,6,7,4,0,0
417.2656,0.46,199.12,20,15,20,15,64,59,48,55,12,9,12,9,6,20,20,12,6,0,8,1
426.1292,0.46,193.1,16,17,20,24,13,1,7,15,3,3,1,5,4,4,12,10,1,0,2,0
445.2953,0.46,204.51,7,4,8,7,50,46,44,50,3,2,2,1,4,8,2,6,2,0,2,1
447.0557,0.46,195.77,3,3,3,0,4,0,7,2,0,0,0,0,0,0,1,0,2,1,2,0
447.1321,0.46,203.05,88,71,51,71,122,164,116,154,71,83,57,72,65,120,117,73,54,53,93,45
459.3236,0.46,233.35,43,38,29,50,70,71,68,61,40,39,37,32,77,70,71,44,53,58,29,42
467.2086,0.46,207.08,24,26,24,18,38,33,48,43,9,18,20,14,17,20,15,8,15,5,5,4
481.2238,0.46,209.75,13,4,11,9,50,41,54,57,6,8,9,4,6,12,18,14,0,0,0,2
495.2407,0.46,212.39,40,53,47,62,144,110,141,119,23,31,31,35,37,58,61,43,14,8,19,19
501.1307,0.46,209.52,10,6,11,10,11,14,11,13,16,12,17,10,13,13,18,13,16,14,13,16
523.2739,0.46,219.02,23,18,15,17,96,86,86,94,6,7,7,8,10,27,17,18,0,0,2,1
571.164,0.46,226.69,312,295,280,337,560,624,545,567,303,302,361,263,514,568,516,314,397,471,253,306
595.4759,0.46,251.26,0,4,3,5,13,9,9,12,0,0,0,0,0,0,0,0,0,0,0,0
647.4772,0.46,255.85,3,0,2,7,130,0,70,90,0,0,0,0,2,3,0,5,0,0,0,2
663.4644,0.46,260.7,0,0,0,4,18,4,10,10,0,0,0,0,0,0,0,1,0,0,0,0
671.2614,0.46,268.02,27,17,20,21,43,61,33,55,21,18,9,23,14,38,34,20,8,9,23,6
695.3066,0.46,270.27,91,77,78,90,138,169,128,166,96,76,47,91,67,141,102,70,52,52,89,37
695.4629,0.46,262.93,2,0,2,3,20,7,21,11,0,0,1,0,0,1,2,1,0,0,1,0
715.543,0.46,271.33,5,8,12,13,458,33,370,355,6,1,0,3,25,26,22,21,0,0,1,0
731.5325,0.46,273.63,2,0,0,6,61,24,67,50,0,0,0,0,0,3,3,0,0,0,0,0
919.3179,0.46,300.61,29,30,23,26,47,59,76,62,33,39,39,26,37,67,54,46,29,38,26,13
943.3705,0.46,310.64,96,105,96,132,190,217,254,201,107,126,108,95,209,211,164,116,137,174,129,87
426.8389,0.52,168.48,1007,1037,976,1072,852,910,877,906,1049,963,1059,925,916,1026,931,957,1009,1045,1184,1137
676.2178,0.52,163.38,0,0,0,0,1,0,0,0,0,0,0,0,0,0,0,0,1,1,0,2
677.2247,0.52,164.96,0,7,2,0,1,0,4,0,5,3,4,4,9,7,11,5,2,3,1,4
856.1456,0.52,178.2,1,1,0,5,3,4,4,1,0,2,0,5,0,0,0,1,8,3,5,8
1012.5936,0.52,242.6,33,41,44,53,26,37,34,21,51,46,51,52,83,60,46,38,45,44,60,46
1073.5702,0.52,253.73,5,23,19,21,6,6,19,9,16,29,22,29,35,25,15,25,19,24,49,31
227.1167,0.55,161.28,10,5,4,10,9,6,6,5,42,33,43,56,166,141,27,33,41,45,40,34
228.9289,0.55,139.99,2700,3024,2874,2979,2655,2759,2584,2627,3161,2662,2727,2744,2845,2920,2845,2910,3047,2784,3035,3351
242.9458,0.55,144.99,136,124,150,139,122,102,133,106,123,129,120,128,125,116,115,126,130,121,130,139
243.1119,0.55,164.07,10,11,8,16,16,14,8,12,80,97,91,162,223,163,48,50,46,40,51,39
246.94,0.55,141.26,11026,11289,11682,12132,10539,10802,10193,10313,11760,10756,10904,11071,11010,10955,10729,10670,11976,11052,11511,12582
306.9058,0.55,150.43,369,442,438,470,370,434,381,422,485,420,446,422,430,417,439,450,440,450,495,515
384.8829,0.55,160.92,659,764,700,704,587,662,634,607,788,647,730,653,663,705,637,723,762,716,778,876
388.8549,0.55,160.86,176,182,168,193,158,155,174,173,194,169,173,171,181,182,154,172,208,168,210,220
448.8744,0.55,174.54,307,336,353,362,284,262,307,262,311,337,294,304,317,308,279,276,327,310,370,353
526.7978,0.55,179.95,113,126,117,114,92,92,113,83,123,98,118,101,103,123,97,105,138,101,116,125
751.5051,0.55,275.9,37,36,39,40,43,29,41,30,10,19,33,23,5,65,10,14,3,0,6,3
765.525,0.55,279.39,46,38,39,67,72,38,70,56,26,48,49,54,64,109,33,42,13,26,4,5
779.5343,0.55,282.85,148,136,116,161,207,124,184,176,51,39,62,73,76,203,76,107,11,0,8,0
789.5679,0.55,285.15,157,164,127,215,125,131,150,122,132,194,163,160,145,361,111,169,64,64,77,31
807.5648,0.55,289.71,38,34,18,39,68,28,62,62,8,8,14,3,18,56,14,23,0,0,0,0
896.6725,0.55,231.37,25,26,24,29,19,15,19,8,21,18,13,9,23,20,18,15,24,17,19,16
150.95,0.59,132.28,10,11,10,12,13,15,14,12,13,12,7,10,14,15,13,12,14,13,14,12
171.1368,0.59,149.93,50,74,54,46,42,42,18,17,19,27,29,14,12,15,15,16,22,14,12,18
185.1536,0.59,154.51,12,24,15,11,11,9,7,11,10,12,16,7,6,4,5,10,4,10,8,8
219.1119,0.59,156.43,0,0,2,3,1,2,3,1,4,7,3,6,19,23,1,9,13,14,5,5
227.9711,0.59,145.48,5,5,9,4,5,5,8,5,7,7,7,10,5,5,8,4,4,3,4,1
381.3705,0.59,201.17,383,377,376,392,348,406,396,346,377,406,392,355,398,373,376,383,454,382,392,404
423.4167,0.59,211.95,245,262,263,270,259,262,286,256,261,280,288,247,281,272,250,291,350,289,291,266
775.5478,0.59,281.7,146,151,150,173,118,92,131,121,62,74,74,74,84,180,62,107,20,15,10,5
803.5828,0.59,288.57,375,321,299,408,261,248,350,318,140,191,180,189,211,465,164,257,27,27,32,24
817.6021,0.59,291.98,44,34,29,52,46,44,58,45,20,53,50,29,34,86,21,36,0,2,0,0
831.6099,0.59,295.36,124,85,96,124,133,121,178,143,45,69,38,51,76,177,62,98,0,0,6,0
239.1996,0.62,167.55,38,51,41,52,62,63,55,50,42,38,52,44,52,51,50,59,60,50,55,48
365.3377,0.62,195.58,30,28,26,36,24,35,30,39,27,26,28,20,52,33,48,34,44,25,30,29
369.1248,0.62,195.51,105,107,107,112,142,127,151,118,92,106,111,113,112,127,120,111,119,125,131,107
407.3786,0.62,206.51,0,1,4,7,1,5,0,4,2,5,0,0,7,10,9,8,10,6,5,5
489.1634,0.62,205.4,9,11,4,16,52,48,42,55,0,0,4,0,0,8,4,2,0,0,0,0
611.4005,0.62,274.62,36,38,36,45,47,40,53,42,19,23,34,25,19,20,37,36,8,11,11,7
621.4273,0.62,276.94,28,43,35,41,31,29,25,26,28,27,33,24,11,17,33,31,12,15,16,11
633.4348,0.62,280.42,14,9,23,35,22,12,17,19,13,11,8,14,10,17,21,19,6,6,4,5
635.4455,0.62,282.78,185,170,177,190,146,146,184,163,127,130,117,112,104,109,154,154,51,75,75,65
259.1077,0.67,163.55,607,640,661,639,635,616,562,591,464,496,462,515,569,621,535,523,558,595,585,477
272.9318,0.67,147.71,77,80,98,87,70,85,74,84,92,85,78,79,81,78,79,88,99,86,95,107
355.1073,0.67,179.03,66,67,58,57,100,91,88,86,48,78,72,61,62,52,73,44,28,40,34,42
359.0657,0.67,174.24,24,42,28,28,22,24,25,18,17,16,18,9,28,24,26,26,26,30,33,26
393.3685,0.67,205.31,5,16,13,6,20,21,22,21,7,14,8,12,21,15,23,15,21,16,10,10
437.0413,0.67,185.46,63,69,59,56,47,53,59,49,39,44,29,41,37,57,42,48,48,60,56,45
581.4778,0.67,241.13,0,4,0,2,4,3,0,2,0,7,1,0,6,17,3,3,34,26,21,8
653.2976,0.67,255.8,35,44,41,36,96,147,100,124,40,34,7,23,58,81,80,40,56,60,96,32
187.0394,0.71,141.69,1,2,2,1,8,6,8,4,0,0,0,0,0,0,1,0,0,0,0,0
307.2617,0.71,183.17,54,46,63,39,107,108,94,95,136,139,132,151,181,150,130,136,76,94,83,90
309.2791,0.71,184.67,989,1182,1101,985,2141,2216,1999,2061,1690,1653,1700,1664,2095,1844,1601,1835,1016,1169,1065,1271
311.3855,0.71,186.16,116,158,146,116,339,359,287,332,166,123,181,142,276,289,239,262,71,91,78,91
311.4739,0.71,186.16,961,1173,1062,1054,1910,1967,1779,1804,1161,1165,1297,1045,1628,1655,1524,1504,963,945,942,894
311.5474,0.71,186.16,116,148,144,113,327,309,312,262,197,149,146,94,329,335,197,249,44,68,77,70
311.7129,0.71,186.15,449,588,509,425,1143,1160,1076,1087,621,615,622,517,966,949,813,920,310,361,341,325
311.7906,0.71,186.15,67,93,86,76,197,138,142,133,52,71,78,74,189,162,121,135,42,47,37,70
312.7954,0.71,186.13,198,218,190,204,521,542,500,513,253,259,235,231,459,473,379,411,117,125,113,146
312.8367,0.71,186.13,24,20,18,12,129,127,106,129,29,24,31,26,114,99,98,66,18,21,6,16
313.9237,0.71,186.1,24,27,31,21,157,149,159,163,48,24,50,34,121,134,97,86,17,14,8,21
325.3105,0.71,188.89,1701,1719,1698,1700,2387,2326,2340,2362,3140,3619,3459,3668,2870,2437,2441,2625,2987,2897,2917,2759
329.2457,0.71,188.8,37,41,52,38,44,39,47,40,40,38,37,39,43,25,36,48,16,18,24,35
333.2757,0.71,190.23,18,20,18,22,34,33,38,39,29,31,28,26,47,35,34,28,20,15,12,26
334.8859,0.71,151.63,16,17,14,21,10,12,10,11,16,17,21,18,13,14,16,15,17,16,18,26
335.2928,0.71,188.67,32,18,29,31,52,63,52,52,47,50,60,49,67,65,59,62,41,42,33,44
337.3093,0.71,190.15,148,166,162,178,230,244,251,248,194,208,197,168,197,162,166,192,159,154,155,151
339.3254,0.71,191.61,1174,1370,1304,1243,1606,1645,1627,1757,1242,1302,1302,1257,1415,1380,1354,1432,1023,977,971,842
369.2506,0.71,201.4,61,72,66,69,189,160,153,158,92,83,91,73,130,143,99,134,48,58,50,51
393.2977,0.71,205.31,1140,1325,1240,1262,2507,2339,2636,2374,1331,1483,1364,1425,2483,2266,1708,2037,775,866,811,818
407.311,0.71,207.94,57,82,66,59,113,129,122,124,178,182,187,191,144,128,115,129,153,146,167,141
411.219,0.71,199.21,8,2,8,3,13,12,9,12,4,5,5,7,8,6,22,9,9,1,3,4
421.3255,0.71,211.98,45,51,49,44,58,74,75,79,53,50,47,53,65,55,51,63,57,47,47,34
493.206,0.71,209.61,32,43,42,23,72,69,49,74,51,42,45,54,73,54,66,56,25,35,11,28
495.2036,0.71,210.99,10,15,10,13,23,29,17,30,26,15,15,18,10,13,36,24,8,2,11,9
567.2063,0.71,225.38,70,83,62,62,106,95,116,112,69,66,70,79,88,93,88,96,41,37,34,45
589.1901,0.71,226.53,17,9,9,14,27,25,26,30,9,14,14,8,23,23,25,29,5,10,6,3
617.541,0.71,262.34,10,13,10,13,42,46,64,51,25,24,16,18,53,64,29,41,5,13,9,8
631.5572,0.71,264.68,0,0,0,4,17,14,23,18,6,14,3,5,19,14,12,6,2,3,3,2
645.5738,0.71,268.24,7,13,3,4,53,48,65,49,14,17,10,15,46,42,26,48,1,2,3,0
649.2033,0.71,239.25,4,9,4,0,11,16,18,12,8,10,6,2,16,15,12,4,1,2,1,5
653.296,0.71,271.82,0,0,0,0,5,12,4,7,0,2,0,0,3,7,9,0,4,4,10,0
671.1818,0.71,240.38,3,8,0,7,11,6,17,5,3,8,5,9,12,14,15,20,1,2,0,3
269.2483,0.74,174.72,3474,4666,4072,3892,7304,7350,6936,7533,6820,7617,7656,6844,8352,8230,7057,7125,7371,8776,7690,6292
269.3325,0.74,174.72,12,23,17,14,59,62,43,56,54,51,65,47,62,66,60,48,58,79,57,51
269.5436,0.74,176.32,0,0,0,0,26,16,6,24,0,12,7,17,26,33,25,12,16,45,19,12
270.5542,0.74,174.68,0,3,0,0,19,23,6,8,12,12,11,7,23,24,19,20,16,37,23,10
283.2647,0.74,179.1,17490,16874,17766,16784,20967,21415,19893,19868,19030,18544,20083,20065,22295,22246,20306,21591,18884,17169,16931,17510
283.3501,0.74,179.1,200,156,206,169,273,282,210,213,215,197,249,246,266,252,242,255,225,181,165,194
283.4298,0.74,179.09,675,609,784,624,888,886,773,786,807,737,829,842,1002,974,854,816,762,694,579,698
283.5668,0.74,179.09,139,88,102,115,192,195,158,141,115,100,150,171,201,225,138,156,172,64,54,108
283.6653,0.74,179.09,134,108,168,138,295,327,226,224,153,165,185,260,356,371,227,289,211,129,106,152
283.7316,0.74,179.09,169,121,164,146,238,290,192,205,204,173,224,259,271,286,239,221,227,126,116,168
284.5101,0.74,179.06,81,47,66,71,140,147,110,101,88,91,91,120,164,147,112,131,101,54,48,60
284.5929,0.74,179.06,107,69,92,90,179,212,142,150,85,96,97,131,231,212,163,176,120,68,48,90
297.2803,0.74,181.86,2663,2823,2983,3032,7388,7160,7192,7495,6942,8006,7636,7193,8918,7686,6726,7262,6840,7924,6975,6222
297.3685,0.74,181.86,1,0,3,0,36,45,31,41,37,44,52,37,50,34,32,33,41,47,32,35
297.4504,0.74,181.86,45,39,70,62,148,139,175,160,156,205,178,175,188,138,150,152,158,199,153,137
297.5685,0.74,181.86,18,35,32,33,84,72,109,94,84,117,110,98,127,79,76,98,88,133,100,74
311.297,0.74,186.16,15274,17493,16178,15599,28578,27773,27524,27879,17051,18189,18115,17620,26009,25985,22017,24124,10924,12127,11366,11825
351.25,0.74,194.37,268,316,285,307,545,526,522,479,479,505,484,496,662,640,503,519,606,632,537,467
365.266,0.74,198.54,2007,2067,2046,2158,2327,2350,2619,2375,2177,2325,2318,2259,2721,2582,2366,2484,2187,2179,2208,2077
379.2812,0.74,201.21,182,230,189,180,571,583,500,560,526,549,559,478,669,574,551,581,473,573,528,469
391.2799,0.74,202.45,45,49,49,53,128,128,121,116,87,75,88,93,128,108,88,94,77,47,55,63
395.2548,0.74,205.28,128,127,128,135,243,221,220,216,182,171,134,158,255,217,196,174,124,122,119,121
409.2756,0.74,207.91,132,150,150,113,218,217,206,229,136,122,119,136,232,208,177,216,91,83,81,114
433.251,0.74,208.97,4,3,2,1,6,17,6,10,11,11,8,5,15,8,7,8,10,14,7,3
447.2666,0.74,213,21,13,17,17,46,41,37,34,18,21,25,32,55,64,25,30,21,23,19,19
461.2827,0.74,215.61,1,2,0,3,14,15,10,17,7,11,9,8,12,11,12,12,7,13,3,6
469.2806,0.74,214.11,20,23,26,26,66,55,51,41,19,20,26,16,39,38,42,34,31,12,11,15
475.297,0.74,218.2,33,38,28,33,80,90,93,94,41,36,42,36,94,95,62,62,14,24,24,21
487.2483,0.74,211.08,17,16,17,11,36,37,24,33,24,16,16,14,24,24,27,31,8,9,3,9
507.2352,0.74,221.93,10,13,5,12,29,19,30,17,16,18,18,13,25,15,14,30,11,7,7,8
539.1748,0.74,218.85,56,54,66,68,80,79,100,94,62,81,78,71,86,87,89,106,77,75,73,85
553.1965,0.74,221.45,0,0,0,0,13,4,8,2,3,7,3,7,14,8,7,6,13,14,8,9
557.3065,0.74,233.5,5,8,3,8,28,29,23,20,4,7,4,6,21,23,18,15,2,0,2,0
589.513,0.74,256.37,15,3,16,10,31,31,31,30,17,26,20,16,54,53,26,38,18,12,17,12
603.5255,0.74,258.74,2,5,0,0,24,20,30,26,8,16,14,23,42,33,16,20,9,15,6,3
712.5321,0.74,273.77,134,140,138,137,194,221,256,209,88,102,94,97,95,122,102,147,54,64,69,91
748.5039,0.74,275.92,13,7,9,9,44,24,38,27,3,6,6,3,9,9,8,13,2,4,6,5
241.2172,0.77,169.13,6220,7221,6686,6202,12494,12343,10975,11291,8954,9692,9726,9279,13236,12856,10646,11147,8155,8752,7484,7177
241.297,0.77,169.13,51,59,61,53,183,164,126,124,99,95,97,99,183,174,132,128,91,93,60,71
241.37,0.77,169.13,77,110,93,83,323,324,238,215,196,191,167,186,361,348,225,236,178,149,123,106
241.4963,0.77,169.12,0,19,21,17,135,98,63,86,47,58,64,33,122,95,82,89,54,46,13,19
241.6488,0.77,169.12,4,26,21,9,71,83,49,64,34,32,37,27,73,65,65,49,35,44,23,31
242.452,0.77,169.09,10,13,21,21,128,117,83,85,47,56,50,42,123,123,80,55,40,34,24,23
269.4098,0.77,176.32,6,46,20,23,94,106,69,94,83,97,108,58,101,116,94,78,88,138,98,77
269.7036,0.77,176.32,0,13,4,0,27,34,22,37,15,21,30,14,30,30,29,10,24,39,26,23
277.1215,0.77,163.03,851,721,820,673,635,667,587,629,361,536,429,657,1181,1118,574,641,269,251,246,178
319.1296,0.77,171.83,51,50,61,46,74,73,74,55,31,53,43,55,44,24,43,42,11,7,7,16
321.234,0.77,184.38,63,78,68,70,69,79,64,66,75,83,84,83,87,97,95,90,96,87,82,95
323.2194,0.77,188.94,576,637,617,616,1026,985,962,928,761,916,811,870,1156,1080,899,916,743,734,684,601
337.234,0.77,191.66,1564,1564,1542,1540,1622,1719,1731,1582,1534,1595,1606,1511,1665,1720,1715,1808,1695,1607,1724,1652
399.2037,0.77,199.4,13,14,16,14,41,30,34,34,25,16,18,16,38,29,52,25,18,24,10,16
437.1617,0.77,204.62,12,11,21,6,32,25,26,27,24,9,28,26,29,26,28,21,24,21,13,13
459.2197,0.77,204.33,15,4,0,2,18,16,9,10,17,9,14,19,7,12,20,12,10,16,5,9
497.1285,0.77,208.15,39,42,36,30,67,50,77,84,47,69,52,45,69,78,68,58,39,62,40,54
505.418,0.77,235.39,0,0,0,0,17,11,11,10,6,0,4,3,16,12,7,10,3,3,0,5
513.139,0.77,210.79,3,3,9,4,1,0,0,2,3,6,2,7,3,3,2,1,1,2,2,3
519.4411,0.77,240.48,0,2,6,0,8,9,10,5,4,11,7,8,19,8,3,11,6,2,5,0
525.1573,0.77,214.86,3,3,4,9,8,13,24,9,19,14,10,13,12,16,5,4,19,30,30,12
533.4512,0.77,242.92,4,4,7,2,13,10,8,5,6,6,6,5,14,9,10,5,11,11,7,6
547.4675,0.77,246.64,4,5,5,5,27,12,18,17,7,9,18,16,48,31,23,33,11,15,16,7
561.4799,0.77,249.06,7,4,0,3,19,14,26,16,13,14,14,20,33,33,15,21,14,14,7,8
575.4975,0.77,252.73,8,13,8,17,47,50,62,40,22,30,29,29,56,54,37,40,7,25,20,14
213.1844,0.83,165.26,153,152,182,154,138,157,169,137,174,188,189,204,158,162,152,175,190,192,192,155
227.2005,0.83,166.34,1151,1087,1265,961,1585,1800,1481,1492,932,886,1058,922,1317,1367,1395,1459,1185,1194,1322,1277
309.1992,0.83,186.22,149,154,145,140,178,197,172,147,134,121,147,116,160,151,160,165,180,129,128,145
319.0763,0.83,166.97,86,79,87,51,56,55,56,62,46,69,59,78,67,55,52,54,10,13,17,10
323.2574,0.83,184.34,260,242,268,262,274,282,268,264,224,230,266,246,333,299,367,324,228,242,220,261
328.2912,0.83,187.3,166,147,140,137,84,110,86,87,104,94,88,107,109,100,142,143,78,74,89,139
349.2688,0.83,191.41,41,42,37,43,35,43,40,31,39,40,35,30,50,49,42,47,25,34,24,29
407.2729,0.83,202.19,40,58,47,38,81,97,98,100,98,83,95,102,107,96,98,74,99,102,84,75
417.1736,0.83,194.71,6,12,11,5,25,31,18,30,13,7,21,29,22,16,35,26,9,27,4,15
519.1092,0.83,207.91,9,25,9,22,33,29,44,29,33,33,21,25,38,25,28,30,21,26,15,18
297.2417,0.86,178.72,1216,1151,1291,1102,1497,1465,1361,1295,1348,1186,1346,1309,1493,1724,1558,1507,1428,1259,1228,1310
295.226,0.9,178.77,249,225,192,220,212,269,236,221,201,197,205,203,227,268,251,245,270,252,237,269
299.2572,0.9,178.67,373,344,415,339,489,518,462,437,406,388,416,473,429,450,504,515,442,407,347,425
425.3596,0.93,207.66,12,17,11,21,14,17,15,16,18,21,25,21,14,16,14,19,38,24,20,21
441.242,0.98,201.68,3,1,0,0,5,6,1,1,5,4,5,2,5,6,5,6,4,3,3,5
271.2268,1.02,173.05,89,85,86,83,111,108,98,103,81,90,90,103,105,105,101,92,103,101,94,90
292.1322,1.05,167.59,19,15,16,11,2,9,7,6,3,5,4,15,38,37,17,11,0,0,13,4
389.1596,1.05,186.14,42,21,4,13,95,79,67,14,22,5,13,32,2,1,10,19,36,51,41,65
991.6312,1.05,317.08,40,36,21,45,21,14,30,15,40,64,69,53,17,42,14,42,1,6,2,3
1002.1175,1.05,243.9,17,22,39,32,16,11,5,12,17,15,35,36,20,55,16,33,0,0,0,0
343.2811,1.08,188.5,59,49,41,50,49,54,55,62,36,29,23,22,52,46,44,52,9,6,0,7
353.0328,1.08,174.35,62,102,108,91,66,91,77,64,130,264,237,91,55,57,73,88,86,86,64,97
548.3017,1.08,181.3,606,430,738,578,517,642,336,414,450,401,561,608,451,557,414,375,131,130,132,190
548.8002,1.08,181.29,382,218,416,247,369,354,207,247,304,273,390,368,260,320,260,293,145,101,95,156
691.4267,1.08,255.51,492,508,446,500,335,335,344,324,330,350,344,353,295,477,334,411,83,74,107,97
737.4295,1.08,262.64,70,73,58,81,17,37,36,27,130,154,177,151,38,77,68,85,53,40,50,41
751.444,1.08,266.23,460,461,442,484,319,279,327,301,288,322,334,340,264,474,304,405,68,52,49,83
769.4532,1.08,270.97,13,14,10,17,4,9,7,1,1,0,4,6,4,14,4,15,0,0,0,0
933.6467,1.08,310.69,1097,1112,930,1297,821,753,899,799,841,1032,922,906,766,1288,771,1098,200,174,252,255
965.6209,1.08,314.98,4663,5020,4264,5444,2211,2157,2709,2207,3548,4111,3979,3746,3001,5077,2800,4129,1503,1304,1789,1436
968.6123,1.08,310.52,1970,2115,1774,2284,1088,1015,1176,989,1478,1680,1735,1584,1209,2195,1180,1797,429,362,509,456
979.6337,1.08,317.13,1101,1102,971,1404,598,569,723,639,1147,1469,1415,1334,938,1400,807,1236,453,441,578,464
982.6242,1.08,314.91,253,252,237,334,105,104,131,110,303,371,359,298,174,347,172,283,72,57,87,67
993.6507,1.08,321.46,2170,2282,1964,2622,1683,1605,2051,1669,1757,2161,2013,1907,1661,2636,1551,2134,504,440,582,593
996.641,1.08,317.06,573,577,508,635,362,326,447,352,415,453,529,505,345,632,343,562,68,51,80,99
1001.6042,1.08,243.91,44,54,60,35,12,19,13,9,29,16,47,29,5,35,31,40,0,2,0,0
1007.662,1.08,326.85,11,6,4,6,5,6,17,4,2,11,9,13,8,24,2,19,0,0,0,0
1025.5486,1.08,315.83,516,587,487,663,221,204,320,224,408,457,450,418,344,583,280,453,145,125,173,123
1039.5666,1.08,320.17,50,35,37,52,18,19,24,32,51,71,63,69,50,84,15,46,17,9,12,3
1047.5611,1.08,325.6,13,24,13,13,0,5,9,1,12,20,11,10,4,21,4,20,1,3,0,1
1053.5785,1.08,323.4,190,190,152,237,133,127,199,145,150,178,149,159,125,251,104,176,20,23,27,14
379.1222,1.14,178.61,338,322,323,316,175,185,158,161,326,295,360,342,203,322,260,273,165,146,148,150
397.1334,1.14,186.02,701,693,674,680,427,444,372,378,642,665,775,736,519,670,555,598,366,343,378,368
415.1422,1.14,187.27,81,62,71,51,16,34,28,37,60,66,74,73,42,65,48,56,27,15,24,16
439.0875,1.14,188.45,16,12,15,16,6,7,6,11,12,22,8,17,9,15,17,6,5,10,6,5
439.1407,1.14,189.95,84,80,93,70,39,29,26,36,84,78,104,77,51,57,59,60,35,36,32,24
457.0997,1.14,186.72,20,22,22,23,6,9,7,6,14,23,21,18,9,18,16,16,9,3,8,7
520.2704,1.14,176.94,263,346,305,264,117,199,104,107,269,184,341,209,129,203,216,200,184,92,117,169
520.7806,1.14,178.47,155,215,238,162,116,129,104,101,176,156,253,135,112,146,137,169,145,127,117,158
527.2783,1.14,178.42,372,380,411,342,297,376,146,176,639,558,900,604,273,446,400,422,599,398,461,524
534.2866,1.14,179.89,1048,877,1140,812,658,796,378,452,870,621,1059,978,577,974,735,812,498,304,323,525
541.2933,1.14,179.83,252,183,263,160,137,178,82,106,234,178,345,324,166,263,237,158,113,37,56,145
541.7942,1.14,179.83,130,65,139,95,95,106,48,63,140,102,163,139,99,130,94,116,82,60,45,82
593.3051,1.14,231.83,10,12,15,12,0,0,0,0,0,0,5,0,0,4,1,3,0,0,0,0
607.3296,1.14,235.67,366,343,329,319,90,118,115,106,92,100,117,128,163,202,204,218,34,23,31,16
621.347,1.14,238.17,2003,2130,1877,2041,1178,1188,1144,1160,2306,2515,2626,2507,1431,2212,1633,1848,1290,1160,1265,1113
635.3617,1.14,241.95,388,404,408,415,122,126,156,127,208,248,266,231,185,283,231,289,97,87,113,88
639.3562,1.14,241.92,549,579,517,558,323,295,315,284,592,673,734,660,373,573,425,490,319,265,325,288
649.3757,1.14,245.7,165,201,147,205,117,98,101,87,446,489,537,477,229,329,241,280,288,279,311,223
663.3924,1.14,248.15,928,938,839,918,366,384,386,366,587,625,651,649,489,781,554,676,230,191,233,200
667.3597,1.14,246.84,411,379,411,411,161,156,138,144,299,258,353,274,193,354,258,277,115,105,102,104
677.406,1.14,251.84,42,57,36,41,29,20,15,13,106,124,140,112,51,53,43,34,51,27,33,33
681.3704,1.14,249.28,2019,2168,1894,2164,1063,1130,1079,1043,2162,2396,2439,2325,1376,2192,1449,1718,1130,1042,1247,1089
695.3839,1.14,252.97,373,349,369,368,109,150,141,123,233,238,293,282,185,306,221,264,117,99,97,108
699.3762,1.14,252.95,144,155,127,157,61,39,59,47,161,191,182,156,99,115,80,120,60,52,72,56
709.405,1.14,256.63,343,333,294,337,215,218,209,198,552,596,649,612,334,507,310,369,318,258,313,238
723.414,1.14,260.27,860,878,811,865,345,329,383,333,549,623,669,601,491,749,513,631,206,181,212,195
877.5857,1.14,297.4,932,1134,907,1092,358,343,401,324,645,767,774,694,500,872,471,674,360,303,398,308
891.601,1.14,300.75,1052,1214,964,1282,483,477,578,505,1476,1891,1792,1607,1103,1756,839,1216,977,951,1134,808
905.6178,1.14,304.08,2496,2713,2191,2852,1196,1105,1337,1091,1916,2074,2071,1991,1601,2607,1414,2256,723,650,810,729
919.6279,1.14,306.27,588,600,472,661,293,256,346,275,567,813,695,597,438,699,383,595,203,176,212,207
927.5757,1.14,305.1,631,668,515,726,274,256,297,227,880,1126,1018,1017,599,990,442,684,630,562,728,436
941.5925,1.14,308.41,1613,1736,1487,1851,707,614,859,691,1200,1404,1326,1264,982,1661,910,1330,485,394,543,381
954.5954,1.14,307.23,836,912,723,982,383,356,399,326,1139,1487,1398,1242,688,1189,611,979,585,462,629,466
974.0819,1.14,240.17,21,29,38,32,0,4,2,0,34,34,34,36,4,10,14,8,9,2,4,4
980.5923,1.14,241.43,27,52,99,44,6,8,0,8,61,60,98,55,17,25,22,63,7,9,4,5
981.0924,1.14,241.42,29,51,29,38,2,16,7,0,53,45,81,33,2,24,4,24,20,5,3,7
987.6038,1.14,241.4,77,102,120,87,17,18,13,17,81,73,129,76,16,74,52,55,14,5,15,16
988.1022,1.14,242.68,29,54,53,55,9,19,9,3,30,54,80,42,12,33,29,24,0,0,0,12
994.6148,1.14,242.66,50,87,53,58,77,62,56,54,85,83,122,78,66,82,46,75,43,38,40,49
997.5197,1.14,309.28,136,176,130,162,20,27,63,50,104,103,99,92,75,154,66,103,44,27,50,24
1033.6165,1.14,323.48,0,9,2,5,0,3,1,2,17,13,16,10,2,15,5,3,6,7,6,4
240.1326,1.17,159.09,24,29,29,20,33,40,23,28,19,15,20,20,15,30,17,28,23,20,19,22
625.3358,1.17,239.44,67,49,56,66,5,6,6,5,12,11,8,6,13,38,27,29,0,2,0,0
653.3673,1.17,244.39,109,110,115,89,23,13,32,26,48,50,44,48,44,89,51,63,15,7,8,13
741.4116,1.17,260.15,49,32,38,35,14,3,5,6,28,29,45,37,20,38,18,21,2,0,4,4
863.5686,1.17,294.03,306,321,273,307,89,121,113,91,294,367,353,285,223,340,186,254,302,290,398,186
913.5604,1.17,302.91,473,512,435,540,140,137,180,128,299,339,362,343,183,442,209,291,143,124,171,123
937.5901,1.17,308.43,1705,1940,1636,1974,626,638,768,587,1207,1449,1381,1242,1008,1639,864,1279,737,603,776,601
951.606,1.17,311.72,2043,2325,1889,2486,962,1008,1206,952,2967,3663,3443,3130,2038,3225,1672,2329,1992,1782,2327,1650
1011.536,1.17,313.67,167,201,169,236,71,50,94,76,272,408,317,312,216,343,154,236,209,197,259,137
513.2608,1.21,177,53,76,95,57,32,38,17,28,80,85,155,59,11,28,52,49,97,67,80,88
575.2913,1.21,182.6,15,7,14,4,5,3,0,0,9,8,24,5,1,0,0,0,3,8,0,2
899.5464,1.21,299.57,96,89,90,112,30,17,22,10,89,124,87,104,52,104,30,60,91,90,116,49
923.5716,1.21,304,491,606,495,583,157,173,229,170,508,696,614,575,339,588,317,406,558,452,671,355
983.4945,1.21,307.1,21,23,18,33,1,1,0,5,5,25,20,16,11,28,4,9,34,11,28,6
793.4986,1.24,276.83,5,10,2,3,0,8,5,2,27,30,35,10,0,2,2,3,0,4,4,5
274.1169,1.29,164.77,72,91,56,76,92,91,86,83,52,57,70,67,62,70,72,74,67,73,79,51
297.6279,1.29,181.85,19,21,26,24,14,18,22,11,38,31,30,13,17,6,14,4,11,19,12,13
715.514,1.29,262.79,0,4,5,7,37,23,41,25,0,4,1,1,0,3,7,15,0,0,0,0
717.5202,1.29,265.23,821,960,765,1020,1668,1374,1845,1662,992,1340,1155,1154,851,1271,990,1393,271,325,351,494
853.4931,1.29,285.95,0,2,0,0,2,5,2,2,18,12,16,12,0,0,2,3,1,5,1,4
255.1863,1.33,168.65,6,7,7,7,15,11,12,5,7,4,4,6,10,8,11,7,8,5,6,6
311.2278,1.33,176.79,5,4,5,1,10,3,7,12,2,5,2,1,11,6,6,9,8,7,6,7
355.1074,1.33,192.79,11,16,22,13,23,24,14,24,18,20,21,15,15,15,20,27,32,20,31,28
661.4657,1.33,251.96,1604,1797,1579,1855,1821,1669,2141,1701,479,715,558,630,843,1407,839,1139,575,664,689,593
675.4803,1.33,254.38,2158,2295,1954,2456,2783,2593,3101,2543,908,1209,1088,1202,1429,2447,1460,1930,617,876,774,1026
689.4927,1.33,258.02,2870,3221,2848,3528,4277,3800,4656,4097,1972,2757,2252,2310,2269,3932,2350,3384,1285,1496,1403,1442
765.4616,1.33,273.41,0,8,1,5,4,0,4,1,16,31,18,9,0,0,5,5,0,3,0,1
227.1611,1.36,164.66,6,12,8,13,8,7,9,13,7,5,4,5,4,8,10,4,2,5,6,5
633.445,1.36,245.83,79,109,76,92,108,106,123,95,4,4,2,4,32,55,28,69,2,4,6,7
647.4602,1.36,248.27,688,711,585,622,746,745,830,700,68,120,71,90,248,358,253,328,82,156,99,277
687.4929,1.36,258.04,11,11,12,11,21,25,29,22,2,2,0,2,2,5,16,21,0,0,0,5
731.5206,1.39,268.8,1038,1110,904,1286,1274,1018,1384,1269,1349,1762,1482,1545,829,1661,835,1322,287,359,418,450
266.9585,1.45,147.87,81,107,114,79,117,105,131,96,112,84,149,90,55,99,50,48,108,149,112,136
316.8383,1.45,139.66,2,5,1,3,1,4,2,3,2,1,2,5,0,1,1,1,3,1,4,2
539.1727,1.45,218.85,34,25,25,40,40,43,54,32,26,41,21,27,24,27,28,29,35,30,44,35
703.4945,1.45,261.64,2847,3015,2509,3312,3388,2941,3684,3252,2398,3104,2751,3041,2219,4432,2119,2992,919,1246,1194,1222
970.6051,1.45,235.02,16,24,21,30,15,29,40,16,15,24,18,13,13,16,10,11,33,43,36,27
1073.5927,1.45,251.24,2,0,0,3,3,0,2,0,0,3,1,0,2,0,1,0,9,2,7,4
577.3815,1.48,234.62,5,12,13,3,34,40,26,32,14,9,15,16,5,1,22,12,0,4,0,30
619.4294,1.48,245.94,13,21,12,16,13,6,13,20,5,7,1,2,3,3,11,6,1,8,2,2
729.5099,1.48,265.15,7,8,1,8,12,0,12,3,16,21,15,16,3,8,3,1,0,0,0,0
747.5429,1.48,272.32,117,144,118,163,307,274,364,291,133,230,163,185,243,547,166,246,50,68,62,107
355.3169,1.55,195.77,21,21,19,22,19,18,27,15,8,6,3,12,10,18,27,19,2,0,1,0
549.3541,1.55,228.25,3,9,10,4,43,41,44,44,4,10,3,3,0,0,5,14,0,2,1,13
719.5147,1.55,265.22,534,586,549,742,885,768,1066,910,389,577,472,556,710,1634,499,828,294,440,361,362
341.3028,1.6,191.57,20,24,16,25,31,24,26,22,57,66,63,43,40,31,52,57,17,21,26,31
134.0459,1.64,131.57,261,287,263,212,309,338,301,282,233,248,255,222,226,283,227,218,219,207,226,137
327.2888,1.64,188.85,993,999,1093,1036,704,799,777,782,424,405,413,314,570,379,779,792,114,157,159,249
354.8165,1.64,153,153,136,135,152,153,173,169,161,162,131,120,143,187,153,187,142,163,194,191,161
409.289,1.64,210.76,104,103,100,91,53,70,81,74,31,36,38,29,45,37,69,81,8,13,11,21
412.2649,1.64,212.12,39,26,32,19,16,18,23,15,8,3,12,3,9,9,27,22,0,0,0,1
257.9755,1.67,146.34,56,66,67,51,84,82,57,65,47,45,61,53,55,54,64,61,60,37,37,46
299.256,1.7,183.37,251,233,289,234,239,267,250,219,141,126,152,121,157,133,180,211,97,96,89,108
334.8559,1.7,151.63,61,58,68,66,70,78,90,75,61,70,59,53,81,76,72,60,78,75,83,75
518.8681,1.7,181.55,13,13,12,17,23,17,27,17,4,10,8,11,12,13,17,9,10,12,13,13
209.9474,1.76,129.33,93,71,117,75,103,123,79,86,78,59,87,74,109,83,116,89,168,128,122,186
225.9265,1.76,132.62,633,612,762,589,707,711,533,678,684,498,676,643,778,611,800,685,940,812,714,1023
254.8328,1.76,131.79,98,102,113,88,102,105,91,103,101,70,94,81,122,107,99,96,125,103,108,142
272.8459,1.76,138.75,229,215,241,225,239,249,205,229,228,192,230,222,243,219,258,244,298,233,267,316
530.7593,1.76,178.39,20,15,33,17,19,26,25,19,22,10,17,12,24,18,25,20,42,31,23,37
234.8793,1.79,132.34,69,64,71,66,71,88,71,75,69,72,60,57,64,83,88,61,91,89,71,80
252.836,1.79,133.71,96,90,103,90,82,98,87,103,99,79,87,101,116,96,112,98,125,109,117,135
256.8312,1.79,131.73,49,53,67,47,48,58,56,58,52,41,61,56,81,67,70,48,71,64,74,72
334.8093,1.79,146.44,26,16,23,25,27,20,23,23,17,22,19,14,27,23,20,27,31,25,31,29
446.8263,1.79,166.65,20,14,12,7,24,24,13,21,14,11,5,6,15,17,28,11,23,22,22,32
488.7564,1.83,167.82,32,28,39,24,38,46,32,30,43,17,23,33,51,29,57,30,68,49,37,69
730.7049,1.83,203.55,2,0,0,1,4,6,5,1,1,1,2,2,8,4,2,2,10,9,4,1
789.5577,1.86,280.43,36,36,32,44,30,26,29,26,58,73,79,79,12,43,22,29,6,4,14,25
264.1561,1.91,163.39,25,32,28,27,30,29,24,28,20,24,27,17,38,31,34,35,40,39,29,29
475.7875,1.91,169.53,2,0,0,0,0,3,0,2,0,0,0,0,12,0,3,1,2,4,2,2
773.5102,1.91,275.76,16,36,20,24,22,12,21,24,54,57,59,58,23,35,11,18,5,4,6,5
791.5759,1.91,282.78,516,520,397,629,1150,918,1186,1077,1068,1420,1217,1196,538,991,601,782,219,236,295,405
845.5471,1.91,294.13,966,1044,895,1171,1184,969,1339,1222,1385,1651,1394,1361,870,1361,887,1161,333,297,389,528
848.5233,1.91,295.26,434,502,413,547,569,446,642,530,679,709,749,689,464,665,491,567,148,156,196,254
983.4334,1.91,305.98,16,50,21,62,54,34,86,39,77,72,50,37,25,84,32,58,6,3,4,0
244.2764,1.95,130.17,4,0,9,1,6,3,0,6,8,0,1,7,3,2,11,0,31,32,12,32
747.513,1.95,271.11,879,830,840,944,780,722,863,778,772,787,758,783,551,892,615,815,261,216,309,337
757.4962,1.95,271.05,17,35,30,48,28,17,37,30,84,121,112,117,28,45,25,40,25,20,23,46
763.4259,1.95,275.82,178,180,166,201,186,162,190,192,239,258,249,219,134,168,142,204,80,60,82,89
763.8241,1.95,275.82,353,425,360,427,512,424,470,465,663,762,785,674,238,486,322,420,48,41,60,103
764.2031,1.95,277.01,111,132,110,136,193,115,154,188,256,307,334,257,61,184,100,138,2,0,0,4
775.5315,1.95,279.33,177,176,140,209,122,113,171,145,129,162,126,150,93,149,92,146,68,53,119,66
777.5602,1.95,279.31,2215,2388,1990,2816,3606,3086,3829,3548,5687,7370,6838,6208,2523,3820,2816,3609,1943,1800,2054,2383
834.5033,1.95,293.03,300,387,322,478,377,339,399,391,603,663,725,585,340,537,357,430,230,212,255,265
955.4077,1.95,298.17,202,216,207,266,176,145,259,183,153,196,155,186,158,262,148,197,57,65,104,92
311.4833,1.98,183.06,45,18,23,45,52,65,63,23,21,38,34,67,6,7,10,23,31,9,33,45
521.3192,1.98,223.14,20,24,14,15,22,14,17,17,32,23,44,31,7,23,13,27,3,1,2,10
539.3314,1.98,227.01,107,133,94,105,45,57,75,71,57,62,79,63,10,39,48,60,4,6,0,3
731.4861,1.98,263.91,504,532,481,619,438,423,516,428,796,961,871,1000,431,706,451,469,536,471,614,609
749.6568,1.98,272.31,97,129,89,128,138,95,138,113,170,236,230,197,105,159,123,141,85,85,94,78
749.8044,1.98,272.31,63,65,41,91,119,125,111,86,330,398,402,350,79,180,130,173,68,45,45,81
759.5129,1.98,272.24,238,233,191,283,211,182,236,203,671,800,710,705,209,323,248,310,135,114,160,235
761.5316,1.98,274.64,3142,3226,2971,3536,3521,3174,3719,3621,5904,6520,6445,6211,2305,3688,2737,3412,1740,1572,2076,2744
763.5501,1.98,275.82,65407,71347,61353,76296,80500,67461,79433,77595,92654,107349,103384,99608,51635,84839,59799,73628,24449,23432,26613,34361
763.676,1.98,277.02,261,293,297,323,331,264,348,376,391,462,374,379,227,371,248,377,128,124,164,176
763.9467,1.98,277.02,100,98,81,103,165,121,111,146,194,257,249,241,40,134,76,103,0,0,4,0
787.5438,1.98,280.44,3,7,0,7,3,5,3,1,21,47,45,38,2,6,9,7,3,3,2,14
831.5314,1.98,291.89,543,618,530,718,697,603,772,740,1014,1268,1162,1082,633,986,632,860,437,390,501,475
861.4431,1.98,288.25,35,56,63,61,47,53,64,56,83,95,105,95,48,60,39,69,16,9,22,33
861.5202,1.98,296.34,23,32,15,37,34,25,43,40,42,70,77,48,39,43,26,22,3,3,7,6
899.5081,1.98,301.85,40,34,34,66,38,47,49,44,48,36,28,34,36,55,44,34,5,9,26,13
917.4223,1.98,294.91,42,44,37,31,60,12,27,28,58,17,41,40,7,25,27,22,3,7,9,4
511.301,2.01,219.15,236,477,398,313,143,153,150,160,115,121,135,122,75,119,102,130,31,27,26,51
708.5923,2.01,260.37,66,84,82,76,60,53,66,53,48,50,57,61,35,67,41,64,42,35,39,23
729.4682,2.01,262.69,8,8,5,4,4,10,3,0,28,30,18,23,8,10,1,3,31,18,22,24
733.5007,2.01,266.35,3694,3873,3461,4166,3519,3290,3802,3673,5533,6125,6004,6086,3086,4594,3241,3924,3189,2652,3384,3834
735.645,2.01,268.77,461,440,529,518,450,477,421,437,564,522,640,543,375,516,370,448,255,206,250,278
735.7886,2.01,268.77,1370,1456,1455,1572,1380,1268,1296,1302,1577,1669,1801,1765,821,1516,975,1261,412,356,390,521
736.0055,2.01,268.77,985,1027,1034,1165,970,807,942,918,1161,1288,1287,1255,561,1196,653,908,212,170,204,285
736.1577,2.01,268.77,601,706,694,771,642,556,619,600,724,852,871,853,371,750,451,586,124,118,134,175
749.5336,2.01,272.31,33447,36855,31053,40457,41650,37435,40833,40687,66555,81179,75364,71514,34818,55241,39158,47470,27573,26341,28703,29458
750.1822,2.01,272.3,4,0,0,3,2,13,5,5,68,121,124,96,4,30,13,31,3,0,0,3
750.2986,2.01,273.51,0,1,3,4,12,7,5,11,37,59,82,36,0,9,9,8,0,1,0,8
817.5179,2.01,289.65,2496,2631,2491,3128,2474,2144,2897,2376,2692,2997,2723,2917,2045,3139,2007,2580,1175,1150,1308,1329
863.4649,2.01,288.23,198,235,198,262,297,279,243,235,379,427,499,407,87,314,153,200,77,42,80,81
885.4787,2.01,293.91,64,60,54,90,104,94,128,107,127,117,113,130,72,97,70,108,50,36,61,56
419.2519,2.07,199.09,20,28,22,34,17,16,19,22,23,24,33,34,10,29,16,12,1,2,0,3
451.2431,2.07,204.43,89,99,93,112,120,88,90,81,105,117,126,108,54,110,69,71,61,56,78,61
493.2887,2.07,216.59,80,82,89,89,88,68,76,77,83,86,90,95,31,86,36,79,13,8,8,30
525.3145,2.07,221.73,6,13,6,6,8,3,0,8,22,21,19,11,3,8,2,10,4,0,0,5
707.366,2.07,262.85,101,105,114,106,98,112,116,101,89,112,110,103,64,121,63,84,66,71,55,58
719.4845,2.07,262.76,863,857,809,1003,740,726,842,820,656,720,670,705,570,811,599,738,372,312,386,420
721.3772,2.07,265.21,204,236,177,238,233,206,249,222,248,335,311,276,162,251,154,199,238,206,196,164
721.8875,2.07,263.98,275,299,239,351,374,309,318,305,405,567,524,447,224,374,214,207,328,267,292,161
722.1371,2.07,263.97,293,328,244,397,425,361,338,352,477,608,573,531,241,454,226,251,332,303,329,201
722.2562,2.07,265.2,212,202,192,232,257,254,198,234,322,360,404,322,133,269,156,182,226,214,206,144
735.5196,2.07,268.77,137963,145483,135756,157342,137044,122628,139890,135755,148232,165619,160948,164741,98500,157315,106275,131869,62392,58487,63663,69960
736.2822,2.07,268.76,404,446,463,462,427,385,346,404,470,503,589,503,235,461,313,361,87,74,65,105
820.4933,2.07,289.64,1384,1475,1461,1672,1397,1295,1608,1397,1477,1685,1583,1560,1211,1693,1145,1461,653,629,775,788
835.4396,2.07,283.7,486,577,581,636,648,582,496,530,749,759,1019,843,222,641,371,420,229,178,162,164
849.4514,2.07,285.97,55,62,72,84,116,102,67,76,175,205,306,215,26,129,67,111,11,21,23,41
857.4477,2.07,285.93,253,244,250,293,225,213,266,225,227,299,264,284,176,310,157,253,116,109,147,133
879.4789,2.07,292.79,108,104,88,105,144,104,100,119,146,127,146,171,83,146,109,74,83,73,79,68
893.4984,2.07,297.32,52,80,77,137,73,73,66,66,82,75,83,61,40,101,79,59,28,12,22,17
895.435,2.07,295.02,18,30,33,39,38,27,44,26,24,30,12,25,36,41,29,41,8,14,17,11
136.8907,2.1,131.33,7,4,8,6,10,10,7,7,12,8,12,9,6,7,6,9,10,8,6,8
497.2845,2.1,216.55,69,98,52,84,58,53,40,47,48,72,75,60,16,51,24,18,51,38,39,50
707.4872,2.1,261.61,72460,78372,73988,81450,68595,62022,70249,68230,54070,60944,59474,62380,44919,73308,45135,52611,38170,34326,38213,33399
707.6114,2.1,260.38,219,248,251,258,208,219,232,222,191,210,204,194,142,245,156,168,125,136,119,94
707.8686,2.1,260.37,213,159,180,207,159,151,153,155,92,95,127,136,52,138,46,81,23,14,20,18
707.9628,2.1,260.37,264,332,336,331,222,199,253,212,124,149,146,182,64,255,84,115,46,26,44,28
708.1172,2.1,260.37,182,218,224,233,165,157,153,149,93,98,117,134,57,162,70,97,17,13,15,10
708.2307,2.1,260.37,152,136,162,144,109,118,105,106,70,78,93,84,31,93,45,53,26,7,17,19
721.5037,2.1,263.98,92436,99408,84005,108952,103475,94469,102662,100485,109405,133515,122580,119359,75967,117110,75402,86419,88982,84995,88955,68273
721.6285,2.1,263.98,307,314,306,350,348,337,325,325,343,389,467,417,258,356,261,302,311,275,290,245
721.77,2.1,263.98,757,808,686,878,939,869,841,850,1031,1301,1260,1104,571,1023,617,690,838,742,754,530
721.9848,2.1,263.97,423,464,366,539,566,506,532,512,666,849,796,732,341,650,339,391,509,438,442,267
807.4069,2.1,277.94,186,208,228,168,214,203,171,195,143,170,203,187,56,168,89,104,89,85,70,55
821.4256,2.1,279.05,503,563,550,617,628,659,600,589,676,794,900,755,356,686,421,492,315,250,263,282
833.4374,2.1,282.54,32,22,24,38,38,24,40,39,20,23,28,31,21,40,16,23,12,6,8,7
469.2546,2.14,208.48,150,209,152,151,139,125,129,141,83,100,91,76,55,96,58,68,85,49,65,52
479.2738,2.14,212.58,22,27,23,25,40,32,20,34,48,59,39,38,16,33,20,13,32,24,16,16
485.0403,2.14,186.41,3,4,9,5,2,4,0,2,7,4,5,4,2,8,14,8,3,6,6,6
691.4548,2.14,256.76,180,206,167,212,146,124,156,151,108,145,138,136,75,152,79,107,125,122,150,126
693.3484,2.14,257.99,63,88,57,86,70,58,62,62,41,46,41,47,38,57,20,30,53,55,67,27
693.4717,2.14,256.75,48715,52367,43456,54958,46339,42079,47922,45196,26367,32000,30096,30305,26637,43365,21661,23123,45715,40002,46590,27525
693.849,2.14,257.99,87,103,66,96,92,36,60,74,0,0,0,8,11,58,0,7,72,77,72,15
694.0956,2.14,256.74,73,105,69,113,111,77,96,95,24,27,12,12,23,81,4,0,108,63,82,19
694.2063,2.14,256.74,63,72,63,77,67,74,52,60,14,18,24,10,5,50,4,0,81,41,60,25
695.2307,2.14,257.98,32,43,11,41,29,20,23,26,4,2,3,1,0,17,0,0,29,21,30,1
705.4694,2.14,259.15,669,674,615,696,558,481,586,563,725,903,772,808,471,738,498,563,716,628,765,758
789.4872,2.14,282.79,1265,1323,1277,1518,1186,1085,1396,1207,857,951,924,968,822,1326,777,883,689,622,757,590
793.3942,2.14,273.24,71,83,53,62,79,89,53,66,29,41,50,40,4,50,19,10,44,20,32,13
829.4135,2.14,280.19,44,39,53,34,22,33,43,34,26,22,9,30,24,43,20,14,25,5,14,8
851.4502,2.14,284.79,178,215,196,189,209,182,142,181,226,153,199,220,100,159,158,118,109,76,76,86
483.2705,2.17,212.53,93,159,134,82,48,40,41,40,6,20,23,17,20,29,8,18,18,13,7,13
677.4362,2.17,254.36,19,31,14,31,10,11,16,16,38,42,45,32,9,36,16,20,46,44,54,47
679.4547,2.17,254.35,7725,8452,7509,8433,6902,6128,7368,6965,4276,4775,4573,5073,3789,6395,3608,4110,4741,4155,5133,3434
693.5949,2.17,257.99,186,178,152,219,163,158,166,182,85,120,104,107,96,175,80,108,162,157,177,111
693.9427,2.17,257.99,137,177,108,160,129,108,125,136,18,44,36,22,23,101,16,5,138,101,124,17
750.4697,2.17,274.71,77,70,64,80,43,33,66,65,29,49,34,44,38,51,31,48,49,43,63,28
775.4736,2.17,279.33,770,779,612,861,715,659,874,749,400,477,413,411,463,715,352,330,780,665,811,405
778.4455,2.17,281.68,516,576,452,672,491,444,644,463,322,361,308,311,428,542,289,309,654,600,707,354
792.4612,2.17,283.95,889,912,851,1020,776,764,985,754,601,714,629,638,659,974,565,763,450,427,547,438
822.4916,2.17,289.63,10,11,10,27,21,20,30,18,11,24,23,24,14,22,23,17,5,12,2,3
296.8617,2.22,152.37,24,29,26,37,24,15,25,26,21,20,21,18,37,27,27,23,33,26,44,32
374.2661,2.22,193.92,42,58,49,45,42,54,48,52,37,38,40,39,30,33,41,40,35,40,45,48
665.4383,2.22,251.93,1898,2035,1745,1994,1432,1261,1456,1397,854,1037,992,1029,779,1373,799,865,2604,2022,2716,1284
736.4075,2.22,271.19,24,23,33,19,29,36,28,36,27,24,24,24,14,38,14,18,9,11,9,5
308.9742,2.26,155.53,0,2,1,1,8,4,4,4,3,4,3,2,1,4,4,0,3,0,0,0
635.3879,2.26,247.09,15,12,6,17,14,7,5,7,12,14,19,20,0,4,7,0,2,2,7,6
649.4043,2.26,249.53,8,8,4,7,19,18,20,18,65,89,96,81,7,7,17,20,45,29,43,52
651.4217,2.26,249.51,517,596,537,525,471,364,483,467,773,867,833,798,254,416,400,388,756,718,812,703
714.4912,2.26,267.7,0,0,1,2,12,16,24,9,0,0,0,0,0,0,0,0,0,0,2,0
751.4266,2.26,274.7,22,17,9,30,14,4,23,20,8,12,2,5,9,9,6,5,20,16,17,8
637.406,2.29,247.07,599,606,552,581,467,382,440,399,455,548,521,510,181,276,327,332,448,380,522,307
708.373,2.29,262.84,6,7,7,5,9,19,13,13,10,26,17,11,4,14,8,4,8,16,17,7
623.3916,2.32,244.63,1414,1541,1408,1587,2311,1895,2277,1944,4661,5634,5311,5078,920,1513,2189,2269,3640,3435,3776,3668
749.405,2.32,272.31,0,1,1,2,1,1,3,1,7,4,7,7,1,6,3,1,1,4,1,4
346.2374,2.38,188.44,405,446,380,401,444,432,449,425,289,345,327,303,367,366,381,342,376,386,384,362
428.2398,2.38,209.04,8,13,11,7,7,14,12,9,3,5,4,0,8,13,6,8,9,12,4,10
607.3516,2.38,240.89,9,0,3,9,8,6,12,10,1,8,3,3,1,1,0,1,2,3,7,1
609.3752,2.38,240.87,769,697,693,747,749,557,703,639,536,655,594,573,183,335,499,403,416,428,485,355
621.3733,2.38,242.07,62,81,59,76,122,97,103,100,266,317,306,294,29,70,105,114,165,151,184,163
344.2185,2.41,188.48,22,27,31,18,35,36,34,33,12,18,18,17,20,20,25,14,19,24,16,18
589.2096,2.41,223.84,269,241,270,193,402,341,358,335,73,135,75,117,74,237,41,76,33,15,28,10
595.3594,2.41,238.39,398,560,423,494,948,675,838,806,753,1067,825,832,118,233,372,373,1006,982,1021,601
368.3129,2.45,197,7,10,7,10,15,16,22,15,6,13,15,7,18,27,14,14,6,13,5,9
616.2298,2.45,227.65,574,591,521,436,875,665,800,813,217,329,203,307,209,512,167,167,116,54,72,34
318.2061,2.48,184.45,243,267,259,242,267,289,301,281,107,147,114,142,210,225,194,187,177,219,183,141
553.2342,2.48,211.8,277,234,270,180,384,334,373,371,87,110,86,126,124,233,87,72,45,38,32,11
581.3418,2.48,235.9,30,41,34,37,76,60,69,59,19,30,22,24,4,12,13,27,22,16,14,9
354.2984,2.53,192.81,15,32,21,20,33,41,30,48,34,23,25,31,124,158,32,29,10,25,10,12
724.6577,2.53,197.88,4,2,0,2,4,2,1,5,4,8,5,4,3,7,6,6,7,5,4,12
795.5549,2.53,276.82,0,0,0,0,2,0,1,0,0,0,0,0,3,20,0,5,0,0,0,0
950.6066,2.63,229.86,6,9,9,9,7,2,5,5,6,8,2,6,5,16,6,6,7,1,1,2
441.2495,2.69,207.43,102,99,111,108,91,119,94,101,90,109,105,100,90,95,91,92,103,123,121,112
362.2285,2.72,191.15,21,16,12,9,31,16,20,17,3,12,9,7,11,10,15,8,13,12,9,8
732.6647,2.94,200.7,28,20,19,13,10,9,12,10,11,24,13,17,10,16,18,12,17,20,15,15
663.7171,3,160.23,9,4,9,8,3,0,3,0,3,1,6,0,3,3,4,0,11,2,7,3
462.7789,3.07,143.13,9,4,6,4,3,6,2,3,11,9,9,8,7,3,8,5,13,12,7,8
675.742,3.15,196.71,10,10,8,8,14,14,11,14,10,14,11,11,14,14,15,16,19,11,11,9
457.802,3.19,144.91,7,3,5,6,9,19,11,17,8,10,19,9,7,5,9,7,7,9,5,7
619.7385,3.19,155.57,2,2,14,5,8,8,8,6,2,5,2,8,2,4,10,3,0,6,0,0
554.7565,3.22,150.97,9,15,24,18,20,25,16,21,12,6,5,12,10,16,15,6,9,13,11,9
539.3309,3.34,227.01,150,169,139,174,157,166,198,152,34,52,42,34,46,67,65,55,16,15,15,13
511.2999,3.41,220.52,50,61,61,50,42,48,63,42,12,10,10,6,9,18,16,14,4,8,4,4
754.1903,3.46,167.78,19,16,12,10,12,18,16,9,18,31,31,15,17,26,19,23,13,18,10,13
838.1669,3.46,178.26,7,2,7,7,8,2,2,2,6,4,4,9,5,3,4,5,0,0,7,0
910.6244,3.5,179.53,6,6,8,24,5,4,14,12,2,5,6,14,12,8,9,10,3,6,0,2
948.1199,3.56,180.93,4,2,0,0,6,2,3,2,0,3,2,0,9,12,6,12,2,8,4,4
526.8012,3.62,178.42,21,22,29,11,30,33,20,17,28,18,33,33,15,11,25,13,40,29,26,27
955.1008,3.62,182.4,8,4,5,9,2,2,3,4,8,9,7,6,0,0,6,0,3,3,5,10
601.2347,3.69,154.02,2,2,4,1,3,0,2,6,4,8,4,4,5,9,10,0,0,1,0,0
872.5932,3.69,297.43,0,0,0,0,148,86,159,142,2,6,0,0,2,42,5,23,0,0,0,0
512.2643,3.72,149.59,10,17,23,18,15,17,17,17,10,5,4,15,18,20,17,11,12,14,10,22
635.2463,3.72,157.12,36,31,37,23,19,20,25,16,21,30,29,34,25,26,35,38,35,38,25,51
844.5673,3.72,290.66,86,64,48,115,485,380,537,519,73,66,54,45,92,304,69,200,5,7,9,5
816.5316,3.81,283.81,52,60,41,71,204,173,236,239,12,32,11,15,35,162,18,68,7,4,7,3
830.5485,3.81,287.25,42,36,38,75,297,195,334,301,39,66,49,55,66,249,54,117,16,41,48,27
888.1375,3.81,176.58,0,2,0,7,6,6,7,6,9,7,9,9,13,5,12,9,4,4,8,3
1012.5948,3.84,186.69,17,14,11,13,1,2,17,5,9,8,1,9,34,17,16,17,8,10,1,3
325.1242,3.87,184.3,3,3,3,5,2,3,3,5,0,2,1,2,2,1,1,2,3,2,3,2
487.2982,3.87,146.38,3,4,5,2,2,1,3,3,3,1,1,1,1,2,1,1,3,3,2,6
535.2566,3.87,151.1,27,25,23,30,42,31,36,39,36,36,47,31,17,27,44,24,30,43,47,44
802.5185,3.87,282.71,41,25,35,72,137,86,134,134,3,16,3,12,8,107,10,17,12,23,19,2
690.2223,3.93,163.31,37,15,18,23,8,10,16,10,27,24,25,17,14,14,15,12,21,16,11,17
739.7057,3.93,164.69,95,113,135,136,80,94,113,82,111,122,102,120,149,126,105,106,124,124,145,139
440.7956,3.96,139.83,159,155,186,154,161,167,129,132,183,168,182,174,135,131,166,132,219,166,160,211
208.9231,4.03,135.11,23,23,24,23,28,27,26,23,23,26,33,23,19,23,16,22,25,21,25,21
841.6582,4.03,173.67,51,58,50,84,41,31,46,28,62,55,42,59,58,32,28,55,65,51,59,49
1069.5597,4.03,193.83,0,0,0,5,14,0,2,0,0,0,0,0,6,7,3,6,6,7,4,5
902.6322,4.08,178.05,26,50,37,62,24,26,36,20,40,40,43,26,37,57,28,29,55,40,37,46
911.1397,4.08,181.03,2,5,4,2,2,10,3,4,9,10,5,6,18,16,23,9,10,10,3,4
927.1359,4.08,179.49,18,18,21,26,3,9,15,8,14,18,18,25,25,20,14,17,12,21,23,29
942.6096,4.08,180.94,19,17,19,12,9,12,11,14,20,26,24,23,16,10,11,10,20,19,21,15
475.2965,4.12,146.48,6,5,5,7,4,5,6,4,2,6,4,6,7,10,7,6,4,7,5,7
733.4915,4.12,266.35,4,10,9,14,101,89,98,93,22,26,31,25,6,48,18,44,9,11,12,6
781.6819,4.12,170.8,301,312,312,340,255,255,297,228,327,318,335,298,252,329,211,322,327,298,326,291
953.1137,4.12,180.92,7,11,5,9,8,15,10,7,1,0,4,2,7,0,8,5,4,4,5,8
526.2691,4.15,149.48,15,15,20,19,19,11,17,10,22,11,18,13,15,13,18,8,22,25,18,24
782.6783,4.15,208.91,16,14,24,22,26,34,28,31,39,31,33,25,22,22,26,32,22,17,22,35
996.6239,4.15,183.78,6,3,1,7,0,1,2,0,2,6,3,0,2,4,1,2,6,7,6,5
270.9251,4.18,151.27,4102,4089,4155,4146,4148,4244,4036,3801,4034,4179,4607,4150,4173,3901,4116,4030,4496,4064,4281,4543
928.1245,4.18,179.48,28,22,25,19,3,15,14,12,10,4,19,4,8,23,18,15,18,25,30,28
441.3044,4.24,143.33,5,4,2,2,4,10,5,1,4,5,7,5,1,3,1,2,2,6,6,7
650.7811,4.24,199.74,64,59,77,65,73,76,82,64,61,63,76,62,65,61,66,56,71,70,80,82
452.291,4.27,141.48,44,31,53,36,41,41,34,28,53,39,45,48,37,30,33,34,56,47,38,51
595.3528,4.27,237.09,4,0,0,1,15,18,14,15,4,8,14,6,0,0,0,2,17,12,6,4
971.1263,4.27,182.36,8,33,6,14,16,17,17,16,35,27,41,29,15,18,23,26,17,19,30,18
579.2506,4.31,152.49,35,13,13,14,15,18,13,13,23,26,33,37,22,15,27,22,34,26,21,23
631.2337,4.31,158.77,289,297,264,319,241,273,273,293,319,293,346,319,325,341,328,267,312,281,308,298
679.4511,4.34,256.85,185,182,205,209,380,305,382,432,62,54,78,82,89,296,82,157,72,57,74,40
986.099,4.34,182.32,5,4,6,13,17,14,15,15,12,23,15,20,15,19,19,8,13,26,10,11
538.263,4.39,152.76,45,35,29,35,21,21,19,22,23,27,48,25,36,22,44,22,46,35,29,42
623.387,4.39,244.63,26,28,43,28,296,205,245,270,344,348,373,312,61,106,138,164,251,304,260,261
806.5442,4.39,283.87,71,88,91,100,86,57,72,99,12,19,16,16,25,67,35,54,0,0,0,0
240.247,4.43,137.79,24,20,25,13,16,14,10,7,31,27,26,17,12,13,15,24,27,19,24,27
595.3633,4.43,237.09,3,7,0,0,31,21,11,20,16,10,10,15,0,0,0,2,15,14,4,11
778.5179,4.43,278.12,29,68,58,57,55,54,56,53,3,4,2,0,2,25,7,9,0,0,0,0
835.1633,4.43,175.22,295,301,337,315,270,235,338,247,338,336,324,319,307,294,278,254,317,278,298,328
315.3,4.46,150.27,57,63,65,64,45,50,56,47,69,58,63,52,69,53,51,77,63,67,66,72
793.5436,4.46,281.59,2,2,0,0,3,1,5,6,0,0,0,0,0,0,0,0,0,0,0,0
1005.5983,4.49,186.71,9,12,7,11,0,7,6,2,10,14,15,13,19,18,8,7,5,0,7,1
1114.5631,4.49,253.62,8,8,15,15,2,6,2,9,6,19,12,21,7,6,17,4,12,21,19,17
315.1912,4.55,150.27,44,44,48,37,29,38,37,36,51,46,54,40,51,40,38,53,39,48,49,45
791.1793,4.55,170.76,80,77,72,83,47,57,59,45,83,76,69,54,70,57,75,55,52,71,59,63
922.1281,4.55,182.5,31,26,40,42,15,25,24,19,27,26,49,32,25,30,35,20,51,34,47,33
1118.0427,4.55,193.72,0,5,5,1,0,0,1,0,5,5,6,3,0,10,0,0,5,2,5,2
496.8821,4.58,175.6,7,4,6,3,3,7,9,4,5,6,10,6,10,8,6,12,4,2,6,3
609.3716,4.58,242.17,8,2,7,5,27,17,9,27,4,3,8,3,0,5,3,2,2,8,3,2
792.6873,4.62,172.3,399,434,444,465,398,429,478,430,479,517,524,517,464,499,443,500,474,422,491,484
693.2151,4.65,163.3,621,580,694,609,542,539,594,537,636,650,632,608,574,610,584,593,633,582,623,680
810.6756,4.65,173.78,2582,2812,2716,2917,2452,2488,2609,2348,2810,2908,2713,2609,2680,2827,2536,2726,2614,2800,2881,2707
993.1207,4.65,188.21,7,11,3,8,7,6,2,0,2,3,0,0,9,9,6,5,3,5,4,6
234.2776,4.7,137.97,289,287,274,263,272,269,256,258,283,281,322,293,259,289,271,280,306,296,277,314
1128.023,4.7,196.56,3,2,9,5,2,2,0,1,8,5,14,9,7,5,4,0,2,1,0,2
619.4121,4.74,195.62,0,0,0,0,92,72,64,81,0,0,0,0,5,0,3,0,0,0,0,0
686.2251,4.74,163.33,1125,1078,1175,1146,1056,1074,1135,1019,1127,1190,1223,1122,1176,1147,1212,1108,1154,1143,1220,1193
689.9843,4.74,203.77,3,0,0,0,5,18,5,20,0,0,3,0,0,0,0,2,0,0,0,0
797.1864,4.74,172.29,1089,1070,1204,1176,985,966,1076,918,990,1215,1209,1186,1180,1259,1066,1121,1046,1117,1193,1109
633.9304,4.77,196.97,0,0,0,0,64,62,49,58,0,0,0,0,0,0,2,3,0,0,0,0
943.6228,4.77,182.44,168,185,174,201,124,144,170,146,163,177,166,138,163,236,160,172,159,151,146,169
238.2074,4.8,137.85,78,75,61,70,57,46,64,65,82,74,80,70,73,82,62,64,74,87,62,85
619.9156,4.8,195.61,0,0,0,0,51,49,53,33,0,0,0,0,0,0,0,0,0,0,0,0
640.4394,4.8,198.37,0,0,0,0,79,58,51,54,0,0,0,0,0,0,2,0,0,0,0,0
699.7226,4.8,163.27,1109,1097,1141,1232,957,1044,1092,977,1226,1243,1208,1121,1305,1130,1127,1055,1177,1221,1189,1242
869.1533,4.8,175.11,130,199,180,141,142,134,180,143,188,195,233,176,157,188,201,166,163,151,161,145
400.8185,4.86,138.47,42,40,38,34,42,45,32,21,51,49,62,64,23,26,44,39,44,45,29,45
626.4201,4.86,197.02,0,0,0,0,69,65,60,51,0,0,0,0,0,0,0,6,0,0,0,0
647.9474,4.86,199.76,0,2,3,0,118,86,105,88,0,0,0,0,5,6,0,3,0,3,4,0
690.4879,4.86,205.18,0,0,0,0,11,18,6,27,0,0,0,0,0,0,0,0,0,0,0,0
697.4856,4.86,206.55,0,0,0,0,19,11,12,8,0,0,0,0,0,0,0,0,0,0,0,0
771.6931,4.86,170.84,933,976,1057,1027,836,807,1051,839,977,1083,1050,944,947,1071,982,934,1020,928,995,949
946.1175,4.86,180.93,215,160,191,229,141,179,178,143,230,210,190,183,191,227,217,202,195,148,215,191
962.1221,4.86,183.87,41,42,46,39,22,34,33,24,35,31,44,29,41,32,41,28,21,24,32,27
403.8078,4.89,138.43,9,6,11,10,7,6,12,6,5,4,9,4,10,10,12,7,18,10,8,10
624.743,4.89,158.81,1330,1491,1544,1458,1462,1449,1525,1310,1577,1455,1581,1379,1433,1568,1597,1390,1578,1543,1538,1443
647.4457,4.89,199.76,4,3,8,3,101,70,94,94,0,0,0,0,2,1,2,0,2,0,7,2
688.9872,4.89,203.78,2,0,0,0,6,18,11,9,0,0,0,0,0,0,0,2,0,0,0,0
775.1889,4.89,169.27,1939,1979,1966,2153,1830,1648,1946,1697,2030,2014,2187,1998,1988,2211,1975,1933,2056,1925,2059,2000
951.1225,4.89,179.42,69,64,43,62,33,38,28,33,34,52,47,79,53,52,50,48,38,73,55,65
990.124,4.89,185.28,35,54,33,66,29,31,36,23,34,33,36,35,26,47,34,39,16,35,13,31
1089.0682,4.89,193.78,40,39,27,33,20,20,21,7,29,18,30,29,39,37,29,29,22,18,32,28
258.8721,4.93,142.73,6,8,6,6,7,8,6,7,7,6,8,7,7,10,8,9,8,7,10,9
553.2575,4.93,150.98,360,395,415,350,347,365,370,364,432,411,456,393,379,362,382,347,404,402,371,451
644.7361,4.93,160.32,1649,1747,1843,1891,1694,1754,1757,1576,1775,1793,1863,1680,1638,1791,1724,1718,1825,1703,1650,1746
474.2922,4.96,144.76,51,58,75,56,51,54,42,51,60,46,62,61,41,46,54,37,61,62,53,75
614.2444,4.96,155.6,878,967,973,932,855,919,1048,906,1024,1015,1043,934,970,1053,994,924,1027,987,979,1034
654.4536,4.96,199.71,16,5,6,2,226,184,229,181,0,0,0,0,2,9,2,6,26,5,2,1
682.2214,4.96,161.75,378,398,412,449,327,369,384,310,421,385,449,381,319,366,340,337,357,341,405,387
795.6819,4.96,172.29,2435,2333,2463,2667,2227,2274,2509,2263,2573,2557,2485,2443,2490,2687,2509,2494,2593,2497,2577,2485
985.6037,4.96,186.76,137,195,147,180,117,146,122,83,163,179,150,121,155,169,158,164,169,113,175,156
1016.5933,4.96,185.21,17,16,12,25,9,11,13,13,15,28,32,16,9,11,14,18,10,17,13,11
1034.5849,4.96,188.11,70,70,69,106,47,60,67,58,71,71,78,68,74,78,68,73,77,60,65,86
239.2879,5.01,137.82,42,43,60,34,36,45,30,44,76,44,67,45,42,52,52,59,67,61,44,76
664.7274,5.01,161.83,1947,2039,2166,2142,1900,1968,2092,1875,2159,2141,2113,1960,2018,2231,2042,1997,2014,1968,2116,2004
668.469,5.01,201.06,57,24,11,26,557,557,700,541,0,0,1,5,33,51,37,33,49,14,3,20
668.97,5.01,202.48,28,16,3,11,354,346,436,316,0,0,0,0,13,24,16,31,15,6,0,0
688.4999,5.01,205.19,1,2,2,0,46,22,25,13,0,1,0,0,3,0,4,3,0,0,0,2
777.6932,5.01,170.81,1827,1830,1856,1985,1743,1731,1947,1664,1905,2010,1942,1877,1786,2100,1906,1848,1982,1961,1921,1921
806.1804,5.01,173.79,1385,1334,1493,1542,1182,1249,1473,1237,1519,1620,1427,1413,1450,1533,1454,1416,1434,1410,1460,1403
820.6743,5.01,175.27,735,699,740,743,570,697,773,678,849,756,794,757,740,776,671,699,762,721,764,745
822.6533,5.01,214.25,2,0,0,2,3,7,2,5,6,7,5,9,3,3,4,5,8,3,2,4
892.6496,5.01,178.08,702,664,648,645,504,511,691,429,564,633,725,657,659,726,611,535,673,568,731,634
925.1332,5.01,179.49,149,146,182,227,98,93,139,101,193,188,166,138,195,180,153,200,186,179,176,136
934.6294,5.01,182.46,231,243,235,307,187,208,252,222,226,210,256,250,268,239,219,236,267,277,281,251
1021.0955,5.01,188.14,20,21,22,32,18,8,18,12,25,25,32,18,15,25,21,25,16,19,17,24
648.4463,5.05,199.75,0,0,0,0,7,5,0,3,0,0,0,0,0,4,0,0,0,0,0,0
661.4613,5.05,201.1,41,15,19,26,463,469,513,350,0,0,0,0,13,37,8,20,48,8,12,11
913.145,5.05,178.02,95,97,109,92,87,89,73,66,81,113,111,121,101,155,120,115,85,94,92,94
917.1331,5.05,179.52,419,438,433,525,352,376,450,292,455,427,417,418,431,416,439,397,424,364,425,399
963.6211,5.05,183.87,33,16,38,38,22,15,30,34,32,42,39,42,43,39,37,39,53,56,28,49
1143.5454,5.05,196.53,0,0,0,0,1,4,13,3,3,4,0,3,0,1,0,0,2,0,3,0
542.2643,5.08,151.06,551,524,553,552,510,518,485,501,659,560,637,534,458,539,542,498,581,612,510,676
575.7602,5.08,154.17,805,769,926,882,822,877,746,748,907,931,926,968,844,818,886,774,861,867,841,970
634.2379,5.08,158.76,1175,1060,1114,1210,1128,1109,1150,1018,1256,1143,1330,1153,1015,1238,1238,1073,1209,1142,1133,1243
640.7339,5.08,158.72,1112,1297,1332,1163,1198,1120,1162,1086,1361,1211,1403,1172,1157,1299,1209,1233,1316,1305,1115,1348
682.4823,5.08,203.82,50,18,2,44,593,646,697,725,5,2,7,2,63,78,101,94,61,29,18,7
697.4987,5.08,205.14,0,0,0,0,20,20,4,21,0,0,0,0,4,0,0,0,0,0,0,0
786.187,5.08,170.78,1087,1183,1072,1245,929,953,1187,933,1130,1209,1167,1028,1092,1154,1031,1032,1172,1105,1144,1110
571.756,5.11,152.54,801,827,898,742,761,883,710,699,830,824,835,826,756,751,825,717,879,807,822,864
633.7394,5.11,158.76,2402,2495,2577,2567,2413,2381,2443,2308,2586,2431,2605,2375,2371,2565,2460,2294,2487,2481,2404,2495
675.4752,5.11,202.44,64,31,11,21,606,665,727,634,2,7,1,1,64,67,34,55,35,32,6,23
675.9781,5.11,202.44,43,15,3,20,373,401,480,363,5,13,0,2,32,13,19,42,43,18,3,8
689.492,5.11,203.78,6,1,0,4,47,98,71,71,0,0,4,2,2,0,6,2,2,1,0,0
793.1855,5.11,172.3,714,615,786,683,556,550,629,568,744,719,673,640,608,745,725,703,704,652,665,631
905.1415,5.11,178.04,151,188,140,199,127,173,146,98,192,155,187,174,129,174,125,144,184,170,180,144
1013.1057,5.11,186.69,36,54,51,55,34,32,39,30,27,54,40,51,45,75,58,45,39,41,39,44
463.307,5.17,144.86,7,9,8,8,6,5,8,4,6,1,2,2,10,3,4,0,5,9,5,7
533.2687,5.17,151.12,338,397,315,340,294,350,330,275,404,320,434,341,322,352,354,304,367,400,325,442
608.7517,5.17,157.27,820,849,876,885,796,897,773,741,885,830,916,851,850,935,922,797,892,822,804,966
651.7301,5.17,157.04,1115,1048,1212,1141,1070,1105,1026,991,1222,1146,1164,1131,1002,1183,1074,1094,1136,1159,1014,1144
657.7366,5.17,160.26,1876,1885,1966,1896,1764,1769,1911,1687,1941,1827,1944,1892,1827,2068,1942,1973,1955,1950,1846,1942
980.1134,5.17,186.78,120,109,132,118,65,73,94,83,134,99,105,96,117,78,96,111,149,137,81,131
986.1051,5.17,182.32,63,56,44,66,42,31,42,26,42,42,74,40,49,66,49,59,49,47,32,55
993.6011,5.17,185.27,72,64,93,77,50,28,76,42,77,68,52,85,69,78,87,59,81,68,82,82
510.2801,5.2,147.9,60,58,52,59,46,64,48,58,92,53,67,62,50,48,59,31,92,72,68,61
579.756,5.2,157.44,2292,2253,2606,2330,2351,2308,2096,2058,2634,2519,2606,2460,2396,2204,2531,2338,2529,2470,2462,2637
674.2235,5.2,161.79,1430,1530,1553,1572,1363,1431,1504,1306,1682,1517,1567,1562,1501,1552,1508,1558,1587,1492,1481,1559
911.1515,5.2,179.53,31,43,31,36,29,35,33,35,44,43,43,35,29,31,30,38,15,23,16,35
270.9749,5.24,151.27,1,1,2,2,1,5,3,2,3,2,3,3,2,1,2,1,2,3,3,3
553.7612,5.24,152.65,646,594,641,655,633,647,542,590,715,670,722,722,627,621,703,630,651,622,607,703
644.2352,5.24,160.33,1323,1367,1413,1432,1222,1307,1341,1190,1433,1361,1461,1455,1359,1471,1441,1231,1401,1398,1278,1504
650.7849,5.24,199.74,230,247,266,260,263,291,286,240,273,260,276,256,270,284,278,229,299,322,270,277
664.2261,5.24,161.83,1513,1542,1742,1775,1397,1513,1627,1443,1650,1675,1661,1597,1451,1757,1511,1529,1652,1698,1520,1689
937.1352,5.24,180.96,101,113,119,138,93,111,116,90,121,126,174,102,118,103,104,93,144,117,142,123
1027.0921,5.24,186.66,8,7,18,14,8,6,20,10,10,13,11,8,0,6,3,3,8,17,9,6
1032.0757,5.24,185.17,3,7,7,5,13,9,11,9,11,8,13,7,17,10,24,15,15,16,9,10
1100.5495,5.24,193.76,7,8,9,7,0,3,0,0,10,8,2,8,6,5,0,0,11,10,6,11
1199.0176,5.24,199.26,1,0,3,0,4,0,0,0,3,8,3,3,11,6,5,2,3,4,0,2
835.1685,5.27,175.22,490,479,552,492,445,419,442,406,490,536,476,462,509,538,474,439,444,452,421,440
973.1141,5.27,182.36,23,16,12,20,28,41,42,29,37,47,22,18,30,25,29,43,34,31,35,23
1036.5948,5.27,188.1,46,53,43,67,49,39,65,44,79,84,77,59,68,61,60,69,71,58,65,69
1087.5612,5.27,190.9,35,52,41,75,36,44,61,29,35,33,30,19,37,50,44,40,54,41,38,55
1120.0705,5.27,192.27,6,0,2,6,3,9,4,1,0,0,0,0,7,9,11,0,6,1,8,3
402.8167,5.32,136.65,2,3,4,6,1,1,2,3,4,3,4,2,9,3,2,4,6,3,8,5
689.7219,5.32,163.31,1697,1719,1892,1701,1595,1622,1713,1581,1857,1738,1730,1810,1700,1720,1833,1715,1816,1715,1800,1891
772.1919,5.32,170.83,278,290,241,281,270,229,235,207,316,260,272,298,272,297,244,226,291,278,308,258
943.1209,5.32,182.44,185,185,152,167,133,111,148,110,175,159,167,120,160,179,148,174,160,156,165,132
629.7423,5.36,158.78,845,897,953,851,746,873,807,699,988,856,929,906,873,899,829,800,928,944,738,972
710.713,5.36,164.81,1598,1666,1813,1792,1710,1666,1687,1538,1762,1804,1790,1694,1834,1724,1832,1838,1833,1770,1869,1767
851.1674,5.36,175.17,72,63,78,107,111,124,122,90,101,82,101,77,114,117,94,78,113,103,119,119
949.1226,5.36,182.42,18,20,41,23,34,39,33,42,25,25,21,7,45,33,57,31,39,34,30,29
1073.5556,5.36,192.38,4,1,0,1,6,9,16,8,1,2,3,4,6,10,2,6,7,5,0,4
666.7032,5.39,195.32,27,24,34,24,31,43,34,31,28,38,37,29,37,41,36,39,34,34,38,30
683.7202,5.39,163.34,1238,1258,1252,1251,1192,1127,1203,1105,1250,1307,1367,1258,1217,1206,1228,1286,1250,1176,1306,1329
1160.5467,5.39,199.34,0,0,2,0,5,4,1,3,3,0,0,2,2,7,1,0,4,3,9,4
662.4761,5.48,251.96,5591,5807,5810,6892,4549,5594,6174,4998,6532,7132,7073,6962,6589,7694,5627,6236,5506,7119,7322,5736
696.9958,5.48,205.14,3,0,0,0,22,30,26,13,0,0,0,0,0,0,0,0,0,0,0,0
744.477,5.48,273.55,285,253,256,360,203,260,278,200,289,359,325,332,326,372,284,269,272,312,366,266
1075.0706,5.48,190.93,5,5,9,8,5,6,10,1,4,1,0,0,0,3,0,3,0,7,3,6
696.5013,5.55,203.74,0,0,0,0,46,81,59,50,0,0,0,0,9,5,1,7,0,0,0,0
436.3033,5.58,143.38,0,0,0,0,3,0,1,2,0,0,0,0,2,1,3,1,1,1,0,1
176.8246,5.63,128.79,4,4,4,5,6,4,4,4,4,4,2,3,4,5,4,3,2,4,2,2
942.1359,5.63,180.95,9,7,4,9,6,5,13,14,16,16,18,7,20,29,15,12,8,18,17,19
980.1288,5.63,185.3,5,0,8,7,5,6,11,15,4,7,6,5,0,2,0,5,4,0,2,0
753.2166,5.7,169.35,19,19,23,43,40,21,48,38,24,47,26,32,59,57,36,59,30,42,26,31
916.6672,5.79,179.52,10,11,17,14,8,5,22,6,6,2,3,11,19,19,11,19,13,23,14,11
740.2297,5.82,164.69,0,0,6,0,8,4,10,9,5,9,4,7,9,10,3,5,4,14,8,4
675.4777,6.1,202.44,0,0,0,0,14,15,18,20,0,0,0,0,1,0,0,0,0,0,0,0
689.4889,6.1,203.78,12,6,0,9,54,48,39,42,2,0,0,0,8,0,2,9,8,7,0,0
669.3965,6.17,241.69,1478,1448,1297,1692,1845,1884,2371,1881,807,1040,700,819,1675,1714,1269,1491,615,604,604,481
684.2484,6.17,164.93,2,8,2,2,4,0,3,0,0,0,0,0,7,0,0,0,0,0,0,0
768.458,6.17,259.98,42,32,35,50,52,43,58,51,7,15,14,3,43,33,30,36,7,1,6,0
769.3206,6.17,252.5,16,13,17,9,33,43,39,30,0,13,7,5,16,18,21,21,4,3,2,0
675.4863,6.25,201.02,0,0,0,0,22,7,21,20,0,0,0,0,0,7,0,4,0,0,0,0
271.0173,6.32,136.97,0,0,2,1,2,3,2,3,0,1,1,0,0,0,0,0,0,6,1,4
703.5139,6.48,207.92,2,0,0,0,10,18,15,5,0,0,0,0,3,0,0,0,0,0,0,0
396.9676,6.56,160.75,0,0,3,3,3,2,2,1,1,4,11,8,0,1,2,1,4,3,3,4
887.469,6.56,286.95,0,0,0,0,0,0,0,0,0,0,0,0,0,3,0,0,20,120,92,56
556.3124,6.63,221.42,16,11,16,18,62,47,55,44,10,18,12,11,37,23,38,38,4,18,18,5
620.3061,6.72,231.61,361,361,362,384,447,491,478,410,251,281,263,298,340,401,374,395,248,200,204,209
661.4763,6.91,253.22,33,32,23,157,38,29,110,81,12,40,6,20,60,139,18,52,4,20,17,4
355.2689,6.94,192.79,16,16,10,9,26,29,27,29,5,9,11,6,23,21,14,18,15,13,17,11
187.0956,7.1,145.38,43,36,46,40,48,50,48,45,40,51,40,48,37,34,38,40,55,45,43,38
521.235,7.13,205.06,20,11,14,14,40,37,29,27,0,21,7,16,12,7,10,11,10,6,1,1
383.2261,7.18,186.24,40,30,32,47,50,38,58,48,19,36,23,39,20,24,26,33,33,44,49,40
550.3569,7.18,224.2,225,197,187,250,212,211,292,197,140,181,159,164,196,176,147,181,106,101,117,77
570.3265,7.18,224.01,326,210,236,153,354,300,322,245,213,251,218,242,158,134,162,206,87,45,59,38
889.6194,7.44,301.9,7,3,9,7,58,57,88,90,8,15,4,9,10,41,7,13,3,0,3,7
593.7599,7.49,186.97,4,7,4,9,6,5,5,2,4,2,8,2,9,11,4,3,12,22,12,13
861.5932,7.49,294.04,11,18,14,24,84,67,103,83,23,19,29,34,35,90,30,43,16,10,21,17
863.6105,7.49,296.33,2803,2565,2524,3714,7401,6211,8956,7716,2050,2725,2353,2390,3111,6412,2601,4482,1141,1155,1297,1288
877.6245,7.49,298.54,397,369,332,521,1929,1562,2306,2040,583,909,734,618,825,1574,693,1124,351,345,354,368
891.641,7.49,301.89,732,719,569,1020,3815,3116,4552,3961,664,968,773,645,1081,2266,949,1727,273,291,309,355
948.5827,7.49,311.73,5,16,23,42,99,72,128,96,13,23,12,18,39,97,22,48,0,0,0,2
1022.5397,7.49,316.95,10,14,20,15,42,65,36,48,9,7,19,10,8,27,14,18,2,2,0,7
849.5955,7.53,291.79,2339,2167,1885,3194,5700,4903,6809,5953,2271,3106,2543,2371,2690,5860,2301,3699,2045,2191,2357,1625
920.5539,7.53,307.39,10,15,14,22,24,14,45,33,4,2,4,5,8,43,11,21,2,0,2,2
932.5669,7.53,309.57,0,0,0,0,1,2,2,3,0,2,2,0,0,0,0,0,0,0,0,0
821.5641,7.56,286.13,2007,1988,1636,2610,2792,2484,3420,3098,869,1076,917,949,1300,3047,897,1370,1582,1505,1918,970
835.5792,7.56,289.55,2138,2148,2015,2808,3816,3318,4612,3996,1185,1464,1325,1444,1892,4151,1417,2357,858,944,1111,732
934.5697,7.56,308.44,18,16,5,31,89,76,91,75,26,43,16,12,22,93,30,25,18,19,30,6
945.6046,7.56,311.74,0,0,4,1,28,13,31,36,1,3,2,2,3,20,3,12,0,2,0,0
793.5288,7.65,279.22,58,67,69,99,55,53,107,91,12,11,9,23,33,91,18,30,67,80,105,29
807.545,7.65,283.86,226,272,238,321,395,314,500,450,103,130,147,137,160,440,102,187,109,92,130,69
903.5468,7.65,304.09,0,1,0,0,1,2,5,9,0,0,0,1,0,6,0,0,3,0,2,0
779.5096,7.68,276.92,2,1,7,7,18,15,13,14,12,17,17,6,7,11,0,6,16,10,15,11
737.465,7.75,267.54,42,51,46,68,92,80,101,97,44,70,54,39,13,36,41,41,12,29,48,24
751.4843,7.75,271.09,96,118,94,121,367,317,425,351,388,530,456,456,131,218,230,277,389,402,453,392
650.3847,7.8,236.63,6,10,5,17,0,1,13,5,0,0,0,9,10,19,6,0,12,28,29,14
865.5114,7.8,272.85,72,81,61,95,118,104,137,100,45,51,16,20,78,68,45,74,10,4,12,3
723.4515,7.84,265.19,20,48,12,16,162,111,179,180,93,130,102,56,6,29,33,40,121,120,127,81
437.273,8.27,200.29,244,239,246,214,399,369,363,331,178,268,229,245,174,194,257,236,140,91,119,104
625.3405,8.27,232.89,0,0,0,0,0,0,0,0,0,0,0,0,0,0,0,0,4,27,31,23
1098.5453,8.27,317.75,2,35,11,47,1,0,6,4,2,0,0,2,33,46,5,8,43,88,73,44
395.8274,8.3,159.12,0,1,0,2,1,1,1,2,2,2,1,0,2,3,4,2,0,1,1,1
294.4058,8.42,145.45,5,0,5,2,5,5,7,2,12,7,12,8,4,8,5,5,11,6,4,5
696.3905,8.42,242.79,23,37,19,46,27,33,52,20,8,9,10,21,35,49,31,25,17,34,34,18
412.9281,8.73,163.81,43,52,47,59,61,65,59,49,62,54,71,52,63,69,62,60,55,61,62,65
299.1982,8.84,181.81,6,5,8,7,14,13,10,9,7,12,14,12,7,7,6,12,9,7,13,15
341.8919,8.89,154.91,1,0,2,0,1,2,0,1,4,4,2,3,4,2,1,1,2,1,1,1
336.9937,8.96,153.3,16,20,29,23,24,32,22,20,31,24,23,20,25,35,40,31,25,28,36,36